Feature,Importance
num__age,0.2601215645551414
num__thalach,0.20276021230340707
num__oldpeak,0.1310357108831655
num__chol,0.09753351282696585
num__trestbps,0.08861499739075536
cat__exang_1,0.03376269183628293
cat__sex_1,0.02803120105354573
cat__cp_2,0.019195948733258507
cat__restecg_1,0.016226952099883268
cat__thal_2,0.01572426223581895
cat__ca_2,0.014363424969747124
cat__thal_3,0.01414124796770115
cat__thal_1,0.01205383606794076
cat__slope_2,0.011990254109986642
cat__slope_1,0.011799782379081998
cat__ca_1,0.009865254789364078
cat__fbs_1,0.009708322957358748
cat__cp_1,0.009152589273371333
cat__cp_3,0.008947966389875153
cat__ca_3,0.0030628185590458913
cat__restecg_2,0.0019074486183026556
