mpg,cylinders,displacement,horsepower,weight,acceleration,model_year,origin,make,model
34.72,6,179.0,122.2,2356.6,18.32,79,1,Ford,ford_1
27.19,4,139.2,86.9,2730.6,21.79,71,1,Chevrolet,chevrolet_2
23.07,8,304.2,117.6,3389.3,22.4,75,1,Datsun,datsun_3
24.73,6,242.7,103.9,3388.9,20.38,70,1,BMW,bmw_4
35.29,4,171.3,75.9,2695.8,22.13,75,3,Toyota,toyota_5
29.09,8,248.6,94.5,2827.4,20.12,73,1,Datsun,datsun_6
29.25,6,157.7,46.0,2509.0,21.31,74,2,Ford,ford_7
25.05,6,228.6,89.4,3210.0,18.36,75,1,Chevrolet,chevrolet_8
29.05,4,148.8,49.0,2725.8,17.76,74,1,Chevrolet,chevrolet_9
26.22,4,176.8,46.0,2695.2,22.72,75,2,Fiat,fiat_10
26.84,4,184.1,91.7,3247.9,19.27,79,1,Volkswagen,volkswagen_11
29.38,8,295.1,124.2,3868.3,19.45,80,2,BMW,bmw_12
25.16,6,249.8,55.3,3171.6,18.75,70,1,Ford,ford_13
29.85,6,233.9,91.8,3362.2,18.52,74,3,Chevrolet,chevrolet_14
28.31,4,178.9,102.1,3332.5,20.41,81,2,Volkswagen,volkswagen_15
28.51,4,141.9,91.9,3081.2,19.82,76,3,Toyota,toyota_16
27.47,6,221.6,116.6,2682.9,21.88,72,1,Fiat,fiat_17
28.66,4,168.9,75.0,2404.4,22.27,77,1,Volkswagen,volkswagen_18
17.66,6,251.6,79.4,3706.8,20.77,71,1,Toyota,toyota_19
29.76,6,215.2,61.8,2688.8,21.67,70,1,Volkswagen,volkswagen_20
31.43,6,242.6,106.3,2801.7,23.56,78,1,Fiat,fiat_21
27.58,4,155.0,79.1,2439.3,19.96,76,1,Toyota,toyota_22
24.76,8,287.5,144.2,3638.4,20.28,79,1,Volkswagen,volkswagen_23
20.03,8,315.9,148.6,3680.5,22.02,74,1,Datsun,datsun_24
32.56,6,167.2,70.2,2475.3,23.42,81,1,Chevrolet,chevrolet_25
33.13,4,124.1,46.0,2166.5,19.7,75,1,Datsun,datsun_26
36.13,4,118.5,50.0,2116.0,21.42,79,1,Ford,ford_27
34.66,4,93.0,55.2,1887.1,24.15,71,2,Volkswagen,volkswagen_28
27.28,4,142.7,60.6,3183.1,21.58,71,1,Datsun,datsun_29
26.31,6,249.5,85.4,3335.6,20.96,80,1,BMW,bmw_30
27.2,6,218.5,96.2,3295.2,20.38,80,1,Honda,honda_31
25.47,8,296.9,102.4,3431.8,19.99,82,2,BMW,bmw_32
32.5,4,195.7,66.9,2813.9,21.62,74,1,Ford,ford_33
27.2,4,202.8,92.7,2705.7,20.92,70,1,Chevrolet,chevrolet_34
41.16,4,160.9,61.4,1831.0,22.11,82,3,Chevrolet,chevrolet_35
25.73,4,203.6,91.3,2511.9,21.61,77,1,BMW,bmw_36
32.03,4,165.8,79.9,2117.2,20.87,73,3,Toyota,toyota_37
41.12,4,137.9,46.0,1790.2,23.01,79,2,Chevrolet,chevrolet_38
34.73,4,145.2,54.4,2157.6,26.21,81,1,Datsun,datsun_39
18.91,6,182.6,114.4,3175.6,18.16,73,1,Toyota,toyota_40
36.74,4,136.4,46.0,2441.2,22.04,80,2,Toyota,toyota_41
27.34,6,216.3,46.0,3401.0,19.46,80,3,Toyota,toyota_42
27.84,6,251.1,53.8,3381.0,21.49,76,1,Chevrolet,chevrolet_43
25.2,4,214.6,,3237.1,20.83,78,1,Volkswagen,volkswagen_44
28.92,6,185.5,80.1,2528.5,22.61,73,1,Toyota,toyota_45
29.11,6,238.8,93.5,3328.7,22.43,82,1,Ford,ford_46
30.6,4,131.8,92.5,2641.1,21.65,82,2,Fiat,fiat_47
29.34,4,177.2,46.0,2567.7,23.13,82,1,Datsun,datsun_48
27.35,6,223.1,101.3,3229.3,17.25,79,2,Volkswagen,volkswagen_49
32.89,4,108.1,93.6,2426.4,23.96,70,3,Datsun,datsun_50
27.12,4,190.8,52.9,2671.1,21.89,74,2,Datsun,datsun_51
29.19,3,112.8,46.6,1953.1,23.66,75,1,Chevrolet,chevrolet_52
35.39,6,211.0,68.7,2621.6,19.55,82,2,BMW,bmw_53
29.26,6,194.9,60.0,2890.3,19.86,77,3,BMW,bmw_54
28.12,6,207.4,78.2,3049.7,21.17,76,3,Chevrolet,chevrolet_55
19.6,6,239.8,132.4,2941.1,21.03,71,1,Chevrolet,chevrolet_56
28.1,4,157.3,116.3,2609.2,21.82,80,1,Ford,ford_57
23.43,6,236.9,87.4,3329.2,22.3,74,1,Volkswagen,volkswagen_58
29.96,4,173.9,123.3,2902.5,18.45,71,3,Datsun,datsun_59
26.19,4,202.6,85.7,3383.9,22.08,82,2,Volkswagen,volkswagen_60
25.74,6,216.7,133.2,3400.1,20.61,72,1,Chevrolet,chevrolet_61
29.26,4,118.7,,2030.5,21.66,70,1,Chevrolet,chevrolet_62
17.23,6,259.0,106.2,3818.2,17.98,71,1,Toyota,toyota_63
32.72,6,217.1,98.6,2860.1,21.89,75,2,Honda,honda_64
19.5,6,260.4,182.8,3636.5,16.74,71,1,Datsun,datsun_65
24.62,6,238.5,117.6,3189.9,21.78,80,1,Datsun,datsun_66
29.51,6,223.1,73.7,2937.8,18.82,76,3,Datsun,datsun_67
36.37,4,173.5,99.7,2171.9,21.91,74,2,Datsun,datsun_68
27.94,4,221.5,81.8,2999.2,20.82,70,1,Fiat,fiat_69
26.9,4,225.3,79.9,2609.4,23.14,76,1,Toyota,toyota_70
27.66,4,165.1,95.5,2945.8,20.79,71,3,Ford,ford_71
30.17,4,167.8,74.5,3129.7,19.83,82,2,Ford,ford_72
18.72,8,323.3,130.4,3523.9,19.72,73,1,Toyota,toyota_73
29.39,4,137.6,64.4,2554.0,23.36,76,1,Chevrolet,chevrolet_74
27.55,4,173.0,83.8,2493.3,22.31,70,1,Ford,ford_75
31.06,4,162.2,82.5,2447.0,20.97,71,1,Fiat,fiat_76
31.12,4,172.4,46.0,2939.3,20.71,72,2,Chevrolet,chevrolet_77
23.79,6,202.0,101.3,2902.4,18.75,70,1,Fiat,fiat_78
25.52,6,179.3,52.8,3277.1,21.31,79,1,Volkswagen,volkswagen_79
36.06,6,164.8,46.0,2509.0,18.85,82,2,Volkswagen,volkswagen_80
29.03,6,193.5,80.5,3154.2,21.97,82,3,Volkswagen,volkswagen_81
31.94,4,149.2,69.9,2573.9,21.62,73,2,Chevrolet,chevrolet_82
25.96,6,218.2,72.5,3266.2,24.31,80,1,Volkswagen,volkswagen_83
24.06,4,221.1,111.5,2913.7,19.44,76,1,Chevrolet,chevrolet_84
23.29,4,196.2,49.2,2858.4,20.99,70,1,Fiat,fiat_85
32.55,4,134.1,52.8,2404.3,24.29,71,1,Chevrolet,chevrolet_86
26.92,6,237.4,81.4,2911.2,22.88,77,1,Chevrolet,chevrolet_87
31.94,4,150.8,67.1,2754.1,20.2,75,1,Volkswagen,volkswagen_88
24.52,4,154.5,76.4,2776.4,21.56,70,1,Volkswagen,volkswagen_89
33.62,4,168.6,48.7,2858.0,21.15,82,3,Toyota,toyota_90
34.68,4,181.6,96.2,3232.1,21.19,79,3,Volkswagen,volkswagen_91
20.65,6,216.8,91.0,3452.6,19.5,76,1,Ford,ford_92
25.88,4,194.9,46.0,2751.9,21.11,82,1,Volkswagen,volkswagen_93
35.39,4,128.7,46.0,2513.1,19.09,82,1,Chevrolet,chevrolet_94
30.1,4,163.2,71.9,2455.3,21.75,82,1,Chevrolet,chevrolet_95
20.65,6,304.9,112.1,3641.5,21.03,73,1,Ford,ford_96
30.01,4,169.7,71.7,2507.9,21.15,81,1,Chevrolet,chevrolet_97
26.41,4,206.0,85.2,3428.0,18.15,76,2,Chevrolet,chevrolet_98
26.59,4,165.7,78.7,2769.3,22.71,79,1,Toyota,toyota_99
25.91,8,308.4,142.4,3593.6,20.95,81,3,Chevrolet,chevrolet_100
20.31,8,289.3,84.8,3883.2,19.03,72,1,Chevrolet,chevrolet_101
27.69,6,221.9,61.7,2402.0,21.18,75,1,Honda,honda_102
30.73,4,139.6,46.0,1873.1,19.88,71,1,Ford,ford_103
18.18,8,303.9,124.5,3866.1,18.6,73,1,Volkswagen,volkswagen_104
22.41,6,201.5,115.6,2928.3,20.26,75,1,Fiat,fiat_105
27.99,6,247.0,88.2,3303.9,22.54,81,3,Toyota,toyota_106
32.4,4,195.6,46.0,2471.0,20.57,81,1,Datsun,datsun_107
27.44,4,174.0,46.0,2711.0,22.25,75,1,Ford,ford_108
24.31,4,154.4,48.6,3181.9,20.01,74,1,Ford,ford_109
20.28,8,304.6,103.5,3879.6,20.49,76,1,Volkswagen,volkswagen_110
29.25,4,153.7,59.0,2627.1,21.16,81,1,Volkswagen,volkswagen_111
32.11,4,191.1,82.1,2705.7,22.6,82,1,Datsun,datsun_112
37.69,4,108.1,46.8,2138.0,21.06,72,3,Ford,ford_113
27.34,6,216.9,115.7,2379.8,19.26,72,1,Volkswagen,volkswagen_114
33.72,4,103.3,46.0,2300.2,19.63,79,1,Toyota,toyota_115
23.89,8,246.1,77.2,3476.7,19.73,73,2,Chevrolet,chevrolet_116
28.98,6,267.9,117.7,2902.7,19.22,72,3,Ford,ford_117
27.96,6,253.9,62.8,3078.6,21.54,70,1,Fiat,fiat_118
32.97,4,141.4,75.0,2142.7,21.16,75,1,Ford,ford_119
24.96,6,181.9,80.8,2483.9,25.08,75,1,Datsun,datsun_120
31.54,6,138.1,60.5,2482.5,18.91,77,1,Volkswagen,volkswagen_121
31.6,6,210.7,127.1,2349.5,21.96,72,1,Volkswagen,volkswagen_122
26.93,4,235.6,79.8,3333.6,18.97,79,2,Volkswagen,volkswagen_123
29.14,4,176.0,127.8,2958.5,20.3,78,1,Datsun,datsun_124
30.74,4,146.2,61.2,2448.2,21.76,76,2,Chevrolet,chevrolet_125
28.33,4,177.0,46.0,1994.5,18.52,72,1,Ford,ford_126
36.48,4,116.2,58.9,2014.3,22.34,76,3,BMW,bmw_127
26.55,4,154.1,46.0,2948.4,23.91,78,3,Toyota,toyota_128
33.1,4,166.0,54.3,1828.5,21.49,74,1,Ford,ford_129
28.46,6,224.4,101.7,2966.7,21.42,73,1,Chevrolet,chevrolet_130
24.98,4,186.7,93.6,2453.1,23.08,76,1,Chevrolet,chevrolet_131
19.66,8,301.3,100.9,3850.7,19.9,74,3,Ford,ford_132
22.64,6,247.0,123.7,3026.8,20.1,75,1,Ford,ford_133
27.81,4,142.3,94.5,2617.6,17.97,74,1,Datsun,datsun_134
20.67,6,253.9,137.2,3447.2,21.51,73,1,Chevrolet,chevrolet_135
29.36,4,211.9,101.0,3533.9,20.3,79,2,Fiat,fiat_136
25.8,8,261.9,,3272.4,19.21,75,1,Fiat,fiat_137
30.96,4,136.4,46.0,2567.4,21.62,76,1,Ford,ford_138
30.7,6,267.1,97.5,2924.0,20.2,78,3,Volkswagen,volkswagen_139
27.43,4,157.3,48.6,2957.9,20.25,74,1,BMW,bmw_140
27.27,4,205.1,,2707.6,22.2,71,3,Volkswagen,volkswagen_141
34.72,4,149.7,53.6,2379.8,19.61,81,1,Ford,ford_142
15.44,8,334.7,122.9,3835.9,21.74,70,1,Chevrolet,chevrolet_143
33.21,6,230.9,141.0,2647.7,19.26,77,3,Ford,ford_144
32.19,4,170.7,70.4,2763.9,20.24,73,2,BMW,bmw_145
25.78,4,209.9,97.5,3259.8,23.62,72,2,Fiat,fiat_146
26.37,4,152.1,62.9,2652.9,23.04,70,1,Volkswagen,volkswagen_147
34.48,5,166.8,75.3,2190.7,21.96,81,1,Volkswagen,volkswagen_148
22.26,4,149.5,68.0,2509.7,20.08,75,1,Fiat,fiat_149
26.61,4,176.6,87.7,2958.6,20.25,74,1,Volkswagen,volkswagen_150
31.99,6,180.0,106.7,2196.8,21.91,79,1,Ford,ford_151
20.7,8,310.1,160.4,3348.4,20.71,70,1,Datsun,datsun_152
29.96,4,146.8,74.7,2790.8,21.07,77,1,Toyota,toyota_153
22.97,6,261.4,118.4,3411.1,20.54,76,1,Ford,ford_154
29.21,4,91.2,46.0,2261.8,21.42,77,1,Honda,honda_155
21.12,6,203.4,82.9,3481.7,18.36,71,1,Fiat,fiat_156
35.4,4,112.4,79.5,2427.4,20.8,82,3,Chevrolet,chevrolet_157
24.51,6,202.2,106.4,3112.9,22.26,73,1,Honda,honda_158
21.0,6,234.4,,3954.2,17.99,78,1,Ford,ford_159
31.84,6,221.6,113.1,2987.2,20.73,79,2,Ford,ford_160
30.19,4,155.4,82.0,2348.4,20.42,74,3,Ford,ford_161
20.06,8,286.2,141.6,3631.9,20.54,71,1,Volkswagen,volkswagen_162
29.75,4,169.1,81.3,2815.4,20.6,73,1,Datsun,datsun_163
28.6,4,132.7,53.6,2271.2,23.94,80,1,Ford,ford_164
28.65,6,248.2,107.8,2927.7,21.83,81,1,Chevrolet,chevrolet_165
26.67,4,182.9,46.0,3473.1,18.56,82,2,Chevrolet,chevrolet_166
24.94,6,238.6,105.9,3267.9,21.74,72,3,Ford,ford_167
25.09,6,243.7,46.0,2986.2,19.85,77,1,Honda,honda_168
27.08,4,171.9,46.0,2978.0,20.16,71,2,Volkswagen,volkswagen_169
25.04,8,352.1,144.0,3931.6,20.54,79,1,Volkswagen,volkswagen_170
25.79,4,160.4,83.3,2546.8,20.72,75,1,Toyota,toyota_171
27.37,5,185.8,50.4,2969.2,22.37,79,2,Honda,honda_172
30.22,4,140.4,47.1,2095.2,20.74,78,1,Ford,ford_173
29.19,8,260.0,137.5,3426.0,19.65,82,1,Ford,ford_174
26.02,4,125.7,48.1,2953.5,20.06,76,1,Fiat,fiat_175
30.68,4,136.3,119.7,2594.2,20.56,74,3,Volkswagen,volkswagen_176
28.69,4,160.9,71.4,2513.3,23.14,76,1,Fiat,fiat_177
18.98,8,301.0,126.5,3455.1,21.49,72,1,Datsun,datsun_178
20.19,8,292.5,154.0,3424.6,23.14,71,1,Volkswagen,volkswagen_179
33.38,6,204.0,88.6,2852.0,24.55,76,1,Fiat,fiat_180
27.05,8,318.0,96.7,3612.7,18.84,80,1,Toyota,toyota_181
19.62,8,313.2,117.5,3967.2,20.14,76,2,Ford,ford_182
36.09,5,190.2,80.0,2311.5,19.92,80,2,Ford,ford_183
27.98,4,143.4,46.0,2762.5,20.07,72,3,Ford,ford_184
23.85,6,243.5,91.5,3090.3,19.96,75,3,Ford,ford_185
27.79,6,232.6,75.9,3241.6,19.17,77,1,Toyota,toyota_186
35.09,4,119.6,81.4,1998.8,20.42,74,1,Volkswagen,volkswagen_187
26.87,4,161.0,72.4,3025.3,20.76,70,1,Datsun,datsun_188
19.64,6,234.9,88.1,3517.7,18.66,70,1,BMW,bmw_189
33.06,4,136.0,60.9,2739.9,22.52,82,3,Ford,ford_190
29.42,8,296.7,120.5,3122.4,19.5,77,2,Volkswagen,volkswagen_191
32.13,4,119.4,73.6,2584.2,25.63,73,3,Toyota,toyota_192
24.39,4,203.1,60.0,3043.1,20.28,73,1,Ford,ford_193
21.12,6,264.4,78.6,2869.5,21.24,70,1,Chevrolet,chevrolet_194
31.25,4,155.4,97.4,2580.7,19.48,82,1,Chevrolet,chevrolet_195
28.69,4,173.9,65.3,2826.7,23.73,71,1,Chevrolet,chevrolet_196
26.59,6,154.7,46.0,2749.7,22.93,79,1,Datsun,datsun_197
24.19,8,256.3,113.1,3347.3,21.1,73,1,Volkswagen,volkswagen_198
28.68,4,154.2,80.9,2666.7,19.31,74,1,Volkswagen,volkswagen_199
31.66,4,130.8,46.0,2857.9,21.46,73,3,Ford,ford_200
25.66,6,248.4,105.2,3606.8,18.71,80,1,Datsun,datsun_201
20.88,8,350.9,150.7,3096.3,23.1,70,1,Volkswagen,volkswagen_202
28.56,4,127.7,70.2,2298.7,22.92,74,2,Chevrolet,chevrolet_203
27.82,4,137.9,79.9,2415.7,21.73,73,1,Volkswagen,volkswagen_204
36.51,4,170.1,46.0,2164.8,18.18,73,3,Toyota,toyota_205
25.56,4,211.3,95.9,3007.6,19.52,72,2,Toyota,toyota_206
28.39,4,126.3,52.9,2758.9,22.27,81,1,Ford,ford_207
24.5,6,234.5,83.0,2815.3,23.0,74,2,Honda,honda_208
31.35,4,217.6,111.4,3124.4,22.54,75,2,Ford,ford_209
36.49,4,113.4,93.3,2019.4,19.59,75,2,Ford,ford_210
35.23,6,188.6,,2618.4,21.83,82,3,Ford,ford_211
26.82,6,214.3,121.4,3443.3,22.08,74,2,Fiat,fiat_212
31.48,4,147.4,64.4,2368.9,19.14,74,1,Chevrolet,chevrolet_213
22.06,6,251.4,109.3,3398.3,20.59,74,1,Toyota,toyota_214
29.72,6,234.2,114.1,2578.4,21.83,74,2,Chevrolet,chevrolet_215
24.81,6,173.8,78.6,3275.0,20.27,71,3,Datsun,datsun_216
33.79,4,178.5,80.4,2930.0,18.29,77,1,Honda,honda_217
31.26,4,145.7,87.2,2465.0,21.05,70,2,Datsun,datsun_218
16.83,8,329.2,123.9,3977.3,19.53,72,1,Chevrolet,chevrolet_219
34.78,4,144.2,47.9,2086.3,21.69,72,2,Ford,ford_220
27.08,4,143.9,55.7,2862.1,20.29,73,3,Honda,honda_221
33.24,4,179.2,93.2,2657.4,20.68,79,1,Toyota,toyota_222
23.57,6,249.9,100.0,3188.0,20.75,77,1,Datsun,datsun_223
25.92,8,304.4,125.9,3483.6,21.18,82,1,Datsun,datsun_224
34.24,4,112.4,72.7,2112.8,21.43,74,1,Toyota,toyota_225
23.45,8,307.1,108.9,3858.4,19.53,82,1,Fiat,fiat_226
27.77,4,132.0,81.1,2500.6,21.64,70,1,Honda,honda_227
23.89,6,234.1,104.4,3333.9,17.78,76,1,Chevrolet,chevrolet_228
29.52,6,184.3,48.1,2787.4,21.93,80,1,Toyota,toyota_229
25.19,4,176.4,112.5,2888.7,21.11,76,1,Ford,ford_230
34.25,4,138.8,51.9,2346.0,21.71,82,2,Datsun,datsun_231
31.85,4,124.5,46.0,3040.6,22.4,74,2,Ford,ford_232
24.61,8,312.4,93.8,3216.5,17.85,70,2,Chevrolet,chevrolet_233
24.83,6,234.2,69.4,3518.0,17.52,80,2,Honda,honda_234
19.46,8,272.6,108.5,3818.4,20.59,70,2,Ford,ford_235
29.01,6,270.5,99.7,3138.1,20.85,79,1,Ford,ford_236
28.03,4,149.8,59.5,3217.2,21.04,79,1,Volkswagen,volkswagen_237
26.21,6,228.0,108.4,3394.4,19.91,80,1,Ford,ford_238
25.78,4,171.1,83.2,2988.8,22.01,76,1,Toyota,toyota_239
32.8,4,144.4,74.1,2519.3,22.88,81,1,Chevrolet,chevrolet_240
25.18,6,241.1,107.4,3122.8,21.6,72,3,Chevrolet,chevrolet_241
27.82,6,211.0,102.9,2914.2,20.69,75,2,Chevrolet,chevrolet_242
29.72,4,150.7,46.0,2671.7,18.17,71,1,Volkswagen,volkswagen_243
25.83,5,235.9,86.4,3571.5,21.58,79,1,Fiat,fiat_244
25.99,6,195.8,46.0,2924.9,22.91,79,1,Ford,ford_245
29.28,8,218.6,90.9,2756.9,22.21,80,2,Fiat,fiat_246
25.92,6,275.3,108.0,3674.6,19.01,79,3,BMW,bmw_247
26.43,4,239.5,122.8,3452.7,21.56,74,1,Volkswagen,volkswagen_248
20.85,4,150.8,98.0,2752.3,22.54,70,1,Volkswagen,volkswagen_249
33.04,4,104.9,58.6,2457.9,23.88,82,1,Volkswagen,volkswagen_250
23.38,6,217.7,77.2,2942.5,19.74,76,1,Datsun,datsun_251
24.14,8,282.4,122.5,3198.2,20.46,71,3,Toyota,toyota_252
34.42,4,157.3,57.1,2340.7,22.78,82,2,Honda,honda_253
34.77,4,129.6,61.4,1916.5,22.17,82,1,Chevrolet,chevrolet_254
25.46,4,180.4,102.4,2833.8,19.49,75,1,Ford,ford_255
26.63,6,242.7,83.7,3174.1,21.45,80,1,Volkswagen,volkswagen_256
25.0,6,182.2,98.4,2643.2,22.22,70,1,Ford,ford_257
27.9,4,184.0,95.8,1901.1,22.23,71,1,Chevrolet,chevrolet_258
29.44,4,224.6,68.0,2697.9,21.63,73,1,Ford,ford_259
28.4,6,232.2,118.6,3461.4,20.15,78,3,Chevrolet,chevrolet_260
30.75,4,152.9,86.4,2370.8,23.85,71,1,Volkswagen,volkswagen_261
19.15,6,222.7,93.8,3167.4,19.48,70,1,Volkswagen,volkswagen_262
32.37,4,181.5,59.0,2353.0,20.77,78,1,Toyota,toyota_263
31.89,4,111.1,46.0,2709.2,21.31,80,1,Ford,ford_264
24.12,8,295.9,101.3,3528.3,21.79,79,3,Toyota,toyota_265
30.09,4,151.3,82.0,2646.0,19.11,80,1,Toyota,toyota_266
25.2,4,218.4,66.0,3726.8,18.31,80,2,Volkswagen,volkswagen_267
33.95,4,157.8,81.4,3059.4,17.88,77,3,BMW,bmw_268
32.21,4,213.0,57.1,2899.3,21.15,76,1,Honda,honda_269
29.34,4,129.9,56.5,2231.2,20.09,81,1,Toyota,toyota_270
37.09,4,180.6,80.5,2666.7,20.76,74,3,Fiat,fiat_271
22.42,4,172.6,136.4,2861.0,22.13,71,1,Volkswagen,volkswagen_272
34.14,4,136.9,46.0,2426.9,20.61,79,1,Honda,honda_273
29.96,6,232.3,131.1,3007.7,21.34,73,3,Toyota,toyota_274
23.5,6,263.4,108.0,3783.8,19.77,82,3,Ford,ford_275
30.29,4,153.3,79.3,2538.7,22.47,75,1,Fiat,fiat_276
28.36,4,112.2,58.9,2975.6,21.74,81,1,Chevrolet,chevrolet_277
27.82,4,162.5,83.1,2664.5,20.3,70,1,Chevrolet,chevrolet_278
24.63,8,263.9,100.6,3883.1,19.86,78,3,Fiat,fiat_279
24.33,8,280.7,146.2,3572.3,21.99,75,1,Volkswagen,volkswagen_280
27.46,4,160.6,60.0,2912.8,21.68,76,1,Ford,ford_281
33.14,4,111.8,84.1,2065.4,19.84,73,2,Ford,ford_282
40.95,4,114.5,46.0,2045.6,22.94,82,3,Ford,ford_283
31.35,4,177.5,75.3,2880.1,19.49,75,3,BMW,bmw_284
28.47,6,211.3,60.8,3275.8,22.84,81,1,Ford,ford_285
30.46,4,86.1,58.9,2114.5,23.42,75,1,Fiat,fiat_286
27.92,4,186.5,115.8,2419.9,22.01,70,3,Fiat,fiat_287
34.45,4,171.2,72.8,2290.1,21.95,81,3,Honda,honda_288
28.22,5,173.6,70.6,2286.9,21.4,72,1,BMW,bmw_289
37.6,4,123.5,46.0,1834.2,23.18,73,2,Chevrolet,chevrolet_290
28.43,6,252.1,94.9,3297.4,20.15,81,1,Ford,ford_291
27.93,4,173.5,46.0,3051.9,21.3,81,1,Volkswagen,volkswagen_292
24.51,8,362.5,113.2,4033.3,21.27,81,1,Ford,ford_293
35.61,4,175.6,81.9,2051.1,21.11,75,1,Ford,ford_294
23.36,8,302.6,149.8,3561.2,19.51,79,1,Chevrolet,chevrolet_295
22.17,8,286.0,181.7,3453.1,18.76,74,3,Ford,ford_296
22.3,8,315.5,106.3,4337.3,18.07,79,1,Toyota,toyota_297
26.84,6,245.8,134.5,2783.1,18.47,76,1,Volkswagen,volkswagen_298
22.63,6,264.6,110.8,3234.7,21.86,70,1,Datsun,datsun_299
21.95,6,211.4,83.9,3491.3,23.22,75,1,BMW,bmw_300
23.02,6,213.9,99.3,3132.6,23.01,76,1,Datsun,datsun_301
23.73,4,148.6,69.1,2709.4,18.85,73,1,Toyota,toyota_302
26.67,5,218.7,92.8,3065.4,22.02,74,1,Datsun,datsun_303
24.73,5,240.0,86.6,3278.6,22.85,76,2,Honda,honda_304
30.66,8,277.2,73.8,3673.9,19.64,70,3,Chevrolet,chevrolet_305
26.94,4,150.3,46.0,2309.0,21.84,71,1,Fiat,fiat_306
27.33,4,172.4,91.5,2970.4,18.02,79,3,Chevrolet,chevrolet_307
32.36,6,219.6,83.4,2625.5,21.77,74,3,Ford,ford_308
34.17,4,191.6,66.4,2939.4,19.47,77,3,Chevrolet,chevrolet_309
34.61,4,95.4,50.8,2221.7,22.08,77,2,Toyota,toyota_310
34.98,4,138.2,84.1,2282.5,19.38,77,2,Toyota,toyota_311
27.25,4,139.5,69.2,2469.9,22.34,75,2,Honda,honda_312
34.13,4,93.4,46.0,1967.0,23.57,76,2,Datsun,datsun_313
30.65,4,134.1,93.6,2117.1,20.71,80,1,Chevrolet,chevrolet_314
30.69,4,135.5,102.9,2342.7,19.95,82,3,Honda,honda_315
30.36,4,157.0,82.6,2267.6,18.5,73,1,Toyota,toyota_316
23.47,4,196.4,107.2,2971.6,20.63,78,2,Datsun,datsun_317
26.57,6,219.6,121.3,2692.5,20.44,82,1,Ford,ford_318
25.15,4,132.1,90.5,2638.1,19.04,70,1,Ford,ford_319
23.89,8,289.3,127.9,3170.6,21.51,80,1,Honda,honda_320
22.7,8,322.5,138.2,3587.4,19.74,76,1,Volkswagen,volkswagen_321
34.21,4,133.7,75.8,2248.7,20.14,82,1,Datsun,datsun_322
30.49,4,135.7,46.0,2847.3,20.32,77,1,BMW,bmw_323
28.77,5,211.8,105.3,3081.4,22.53,80,1,Volkswagen,volkswagen_324
25.12,8,284.4,77.1,3427.0,21.48,72,1,Toyota,toyota_325
22.23,6,246.4,79.0,3374.6,20.43,71,1,Ford,ford_326
35.13,6,226.6,125.1,2454.0,22.47,82,3,Ford,ford_327
27.23,5,216.0,110.1,2999.4,19.26,76,1,Ford,ford_328
23.45,6,195.9,119.9,3470.9,20.58,77,1,Chevrolet,chevrolet_329
26.32,4,162.6,65.3,2678.2,21.54,72,1,Honda,honda_330
24.02,6,220.7,61.8,3065.1,20.23,72,1,Toyota,toyota_331
29.06,4,126.5,54.5,2550.1,22.1,80,1,Honda,honda_332
28.41,6,180.1,80.2,3029.4,19.8,73,2,Toyota,toyota_333
28.36,8,311.6,121.7,3081.8,21.68,77,3,Volkswagen,volkswagen_334
29.88,4,152.5,97.1,2062.6,22.77,74,1,Volkswagen,volkswagen_335
26.39,6,196.3,73.8,2937.4,16.69,73,2,Chevrolet,chevrolet_336
25.83,4,160.1,80.0,2406.3,23.38,72,1,Toyota,toyota_337
26.29,6,260.8,78.8,3719.5,15.71,82,1,BMW,bmw_338
35.03,4,94.6,61.5,2067.5,21.01,82,1,BMW,bmw_339
24.54,8,246.1,98.8,2642.3,22.9,71,1,Chevrolet,chevrolet_340
34.3,4,135.3,46.0,2066.8,21.46,74,1,Chevrolet,chevrolet_341
26.81,8,334.8,121.3,3018.9,18.78,77,2,Volkswagen,volkswagen_342
23.71,6,235.5,90.7,3078.1,19.28,74,2,Volkswagen,volkswagen_343
28.55,6,250.0,93.3,3193.6,22.35,79,1,Ford,ford_344
25.12,6,192.8,126.0,2722.2,18.4,73,1,Toyota,toyota_345
22.13,6,193.4,79.4,3177.6,22.52,70,1,Datsun,datsun_346
18.89,8,304.4,111.3,3990.6,19.93,74,1,Ford,ford_347
32.7,4,164.7,46.0,2602.1,19.61,77,1,Datsun,datsun_348
30.15,6,243.5,75.6,2563.8,20.56,72,2,Ford,ford_349
29.43,4,157.4,63.8,2786.8,19.69,80,3,Honda,honda_350
23.65,6,235.3,78.2,3314.0,21.99,70,1,Toyota,toyota_351
24.18,4,167.7,108.2,2767.0,22.33,70,1,Ford,ford_352
29.53,6,250.3,96.0,3546.8,17.87,76,2,Datsun,datsun_353
29.2,6,251.2,132.6,2909.0,20.49,76,3,Toyota,toyota_354
20.72,4,114.4,58.2,2903.5,19.8,73,1,Fiat,fiat_355
32.33,5,127.6,61.8,2105.2,23.84,73,1,Chevrolet,chevrolet_356
27.65,6,257.1,100.0,3524.1,18.45,70,2,Datsun,datsun_357
34.77,6,262.6,104.1,2832.2,23.57,78,3,Fiat,fiat_358
35.44,4,132.4,105.3,2147.6,21.8,74,1,Honda,honda_359
24.61,6,171.2,46.0,3153.3,19.1,71,3,Chevrolet,chevrolet_360
25.45,8,294.0,64.0,3479.5,19.5,75,1,Volkswagen,volkswagen_361
29.31,4,190.9,67.5,3088.5,19.71,82,3,Honda,honda_362
25.18,4,216.9,89.8,3089.6,19.0,73,1,Fiat,fiat_363
26.59,4,178.5,94.4,2717.9,21.42,81,1,Toyota,toyota_364
20.69,6,215.8,100.9,3420.1,18.74,73,1,Chevrolet,chevrolet_365
27.71,4,136.2,54.0,2382.4,18.35,72,1,Ford,ford_366
29.9,6,227.3,118.2,2557.2,20.87,73,1,Volkswagen,volkswagen_367
28.57,6,218.0,115.5,2785.2,18.51,74,1,Fiat,fiat_368
28.18,4,132.5,67.0,2593.2,20.28,71,1,Ford,ford_369
15.16,8,352.5,156.9,4085.9,18.55,77,1,Volkswagen,volkswagen_370
26.61,6,280.6,116.6,2993.8,19.7,74,2,Fiat,fiat_371
30.94,4,197.1,69.0,2662.3,24.34,79,3,Ford,ford_372
35.49,4,135.4,80.8,2273.1,21.81,76,2,Ford,ford_373
30.83,4,188.7,83.1,2710.9,21.66,75,1,Volkswagen,volkswagen_374
33.21,4,182.2,78.3,2362.5,18.97,76,1,Volkswagen,volkswagen_375
28.57,4,176.3,113.2,2545.4,20.47,72,3,Ford,ford_376
17.07,8,328.5,63.8,3580.8,20.74,79,1,Datsun,datsun_377
20.7,4,182.1,46.0,3005.9,19.46,71,1,Honda,honda_378
34.21,4,185.2,49.6,3039.1,22.32,79,3,Datsun,datsun_379
29.19,6,246.1,89.7,3179.0,19.02,82,3,Datsun,datsun_380
25.15,6,237.2,89.5,3043.0,20.53,79,1,Datsun,datsun_381
31.35,8,237.5,58.3,3204.4,19.92,75,2,Honda,honda_382
29.93,6,229.5,68.8,2861.6,21.38,74,1,Chevrolet,chevrolet_383
36.25,4,146.3,46.0,2180.2,20.86,81,2,Honda,honda_384
29.91,4,124.6,121.3,2090.2,21.5,73,1,Ford,ford_385
20.11,8,341.5,174.3,3699.7,19.95,76,1,Volkswagen,volkswagen_386
27.41,6,278.9,98.9,3103.0,19.8,80,1,Ford,ford_387
25.93,8,331.8,117.1,3871.1,20.86,81,1,Honda,honda_388
32.48,4,170.7,46.0,2913.5,21.44,81,2,Ford,ford_389
24.25,8,331.5,78.4,3344.5,20.52,71,1,Chevrolet,chevrolet_390
33.28,6,227.4,89.8,3099.1,20.26,81,3,Chevrolet,chevrolet_391
27.67,4,169.1,49.2,2617.6,22.58,71,3,Volkswagen,volkswagen_392
28.88,6,194.2,80.0,2961.8,20.68,77,1,Datsun,datsun_393
29.22,6,238.9,56.4,3168.5,20.37,82,2,Ford,ford_394
26.29,4,164.8,53.7,2217.6,21.94,78,1,Datsun,datsun_395
30.0,4,123.9,63.4,1988.7,24.56,82,1,Datsun,datsun_396
22.27,6,225.5,101.3,3087.1,18.9,74,1,Toyota,toyota_397
30.44,4,160.6,81.8,2932.9,22.22,74,3,Volkswagen,volkswagen_398
