education,<=50K,>50K
10th,0.9642857142857143,0.03571428571428571
11th,0.9227272727272727,0.07727272727272727
12th,0.9354838709677419,0.06451612903225806
1st-4th,0.9891304347826086,0.010869565217391304
5th-6th,0.9923076923076923,0.007692307692307693
7th-8th,0.9724137931034482,0.027586206896551724
9th,0.9629629629629629,0.037037037037037035
Assoc-acdm,0.6928838951310862,0.30711610486891383
Assoc-voc,0.7692307692307693,0.23076923076923078
Bachelors,0.6347687400318979,0.3652312599681021
Doctorate,0.38461538461538464,0.6153846153846154
HS-grad,0.8816689466484268,0.11833105335157319
Masters,0.5518867924528302,0.4481132075471698
Preschool,1.0,0.0
Prof-school,0.6296296296296297,0.37037037037037035
Some-college,0.852549889135255,0.14745011086474502
