,age,fnlwgt,education.num,capital.gain,capital.loss,hours.per.week,has_capital_gain,has_capital_loss,net_capital,age_hours,capital_gain_log1p,capital_loss_log1p
age,1.0,-0.01604104070886073,-0.0015980199045365958,-0.013478905250764303,-0.00173528641247905,-0.018027024555878846,0.0030140786352727774,-0.0025541440110804733,-0.01340347329975603,0.8060823827505792,0.00014257108986071858,-0.0025474989986559947
fnlwgt,-0.01604104070886073,1.0,0.005292105764338513,0.0013310200091740901,0.015533103514872405,0.02008025699703634,0.0016113352892086663,0.01769429156403247,0.0008015833845852146,-0.004863419598911944,0.001000398008701453,0.017280019792807556
education.num,-0.0015980199045365958,0.005292105764338513,1.0,0.005763304032143875,-2.757646929696606e-05,0.0024651530217797103,0.01268436124881491,-0.0013997435077319257,0.005757199947006365,-0.0020625087573345508,0.01275229064010678,-0.0009820878898414965
capital.gain,-0.013478905250764303,0.0013310200091740901,0.005763304032143875,1.0,-0.018965644070542877,0.005294925136921838,0.8514554220809014,-0.023130815051040927,0.999422730379245,-0.004278155416580419,0.8949801789130253,-0.023082880834885928
capital.loss,-0.00173528641247905,0.015533103514872405,-2.757646929696606e-05,-0.018965644070542877,1.0,0.016284908321191026,-0.012884620154115326,0.8599892810772011,-0.052922192573888714,0.012694408897808363,-0.014250993556913347,0.9075910734004463
hours.per.week,-0.018027024555878846,0.02008025699703634,0.0024651530217797103,0.005294925136921838,0.016284908321191026,1.0,0.007385900453730511,0.012883430675574719,0.004735099626353521,0.5403932065584045,0.007106436012741787,0.013444520344299648
has_capital_gain,0.0030140786352727774,0.0016113352892086663,0.01268436124881491,0.8514554220809014,-0.012884620154115326,0.007385900453730511,1.0,-0.015302200316973685,0.850853000393553,0.00822134065916114,0.9941585894573011,-0.014992951214789902
has_capital_loss,-0.0025541440110804733,0.01769429156403247,-0.0013997435077319257,-0.023130815051040927,0.8599892810772011,0.012883430675574719,-0.015302200316973685,1.0,-0.052324749987588466,0.010263438831635706,-0.016755030849934904,0.9936232724151549
net_capital,-0.01340347329975603,0.0008015833845852146,0.005757199947006365,0.999422730379245,-0.052922192573888714,0.004735099626353521,0.850853000393553,-0.052324749987588466,1.0,-0.004704281171027099,0.8943710112800579,-0.0538943698676948
age_hours,0.8060823827505792,-0.004863419598911944,-0.0020625087573345508,-0.004278155416580419,0.012694408897808363,0.5403932065584045,0.00822134065916114,0.010263438831635706,-0.004704281171027099,1.0,0.006047420250185478,0.010824374975036489
capital_gain_log1p,0.00014257108986071858,0.001000398008701453,0.01275229064010678,0.8949801789130253,-0.014250993556913347,0.007106436012741787,0.9941585894573011,-0.016755030849934904,0.8943710112800579,0.006047420250185478,1.0,-0.016529506639564557
capital_loss_log1p,-0.0025474989986559947,0.017280019792807556,-0.0009820878898414965,-0.023082880834885928,0.9075910734004463,0.013444520344299648,-0.014992951214789902,0.9936232724151549,-0.0538943698676948,0.010824374975036489,-0.016529506639564557,1.0
