feature,count,mean,std,min,25%,50%,75%,max
age,5000.0,48.414,17.948878417530423,18.0,33.0,48.0,64.0,79.0
fnlwgt,5000.0,255964.5434,141310.42357288787,10108.0,134602.25,252942.5,376308.0,499895.0
education.num,5000.0,9.564,2.9883256211469993,1.0,9.0,9.0,12.0,16.0
capital.gain,5000.0,4669.7098,17008.34737609969,0.0,0.0,0.0,0.0,99928.0
capital.loss,5000.0,112.2168,578.6458084113964,0.0,0.0,0.0,0.0,4986.0
hours.per.week,5000.0,39.9528,9.941445499912252,1.0,34.0,40.0,46.0,77.0
has_capital_gain,5000.0,0.0942,0.2921359763632976,0.0,0.0,0.0,0.0,1.0
has_capital_loss,5000.0,0.0484,0.21463143602619383,0.0,0.0,0.0,0.0,1.0
net_capital,5000.0,4557.493,17029.152178764994,-4986.0,0.0,0.0,0.0,99928.0
age_hours,5000.0,1931.0588,876.5619400301965,72.0,1221.75,1826.0,2520.0,5313.0
capital_gain_log1p,5000.0,0.9862705946261271,3.0766249410386273,0.0,0.0,0.0,0.0,11.51221521280086
capital_loss_log1p,5000.0,0.3626425408335892,1.6184711551001045,0.0,0.0,0.0,0.0,8.514589805546123
