occupation,<=50K,>50K
Adm-clerical,0.8286516853932584,0.17134831460674158
Armed-Forces,0.8250728862973761,0.1749271137026239
Craft-repair,0.8372093023255814,0.16279069767441862
Exec-managerial,0.7658959537572254,0.23410404624277456
Farming-fishing,0.7883008356545961,0.2116991643454039
Handlers-cleaners,0.8502824858757062,0.1497175141242938
Machine-op-inspct,0.8198198198198198,0.18018018018018017
Other-service,0.808695652173913,0.19130434782608696
Priv-house-serv,0.8284883720930233,0.17151162790697674
Prof-specialty,0.7641509433962265,0.2358490566037736
Protective-serv,0.8187702265372169,0.18122977346278318
Sales,0.8579387186629527,0.14206128133704735
Tech-support,0.8567567567567568,0.14324324324324325
Transport-moving,0.8,0.2
