Feature,Importance_Mean,Importance_Std
age,0.11110222577635613,0.012951252478635093
thalach,0.04950019992003198,0.0223628783972231
exang,0.015700386512061827,0.0036220792219566877
cp,0.014767426362788206,0.0022765538555559735
chol,0.014527522324403597,0.008528255201793736
ca,0.01162201785952286,0.0047983769363773385
oldpeak,0.006983873117419726,0.01573575977637602
sex,-0.0003198720511794706,0.007185560932182376
slope,-0.0007996801279488208,0.0013876492160277384
restecg,-0.0008263361322137675,0.004758227426188937
trestbps,-0.001652672264427557,0.005504061476037199
thal,-0.0025056644009063154,0.003988971065849974
fbs,-0.0033853125416499984,0.0022908660748890254
