Feature,Mean_Abs_SHAP
num__age,0.9042377
num__thalach,0.4815214
num__oldpeak,0.3257781
cat__exang_1,0.2992394
num__chol,0.29298404
num__trestbps,0.24123032
cat__sex_1,0.20858511
cat__cp_2,0.18087733
cat__thal_2,0.13077083
cat__ca_2,0.111232035
cat__restecg_1,0.10287764
cat__cp_3,0.08356784
cat__thal_3,0.056511305
cat__fbs_1,0.046145204
cat__cp_1,0.03976646
cat__ca_3,0.023717403
cat__slope_1,0.017396104
cat__slope_2,0.0171264
cat__ca_1,0.016403627
cat__restecg_2,0.013005097
cat__thal_1,0.009645906
