Pclass,Sex,Age,SibSp,Parch,Fare,Embarked,Title,FamilySize,IsAlone,FarePerPerson,HasCabin,Survived
3,male,22.0,1,0,7.25,S,Mr,2,0,3.625,0,0
1,female,38.0,1,0,71.2833,C,Mrs,2,0,35.64165,1,1
3,female,26.0,0,0,7.925,S,Miss,1,1,7.925,0,1
1,female,35.0,1,0,53.1,S,Mrs,2,0,26.55,1,1
3,male,35.0,0,0,8.05,S,Mr,1,1,8.05,0,0
3,male,,0,0,8.4583,Q,Mr,1,1,8.4583,0,0
1,male,54.0,0,0,51.8625,S,Mr,1,1,51.8625,1,0
3,male,2.0,3,1,21.075,S,Master,5,0,4.215,0,0
3,female,27.0,0,2,11.1333,S,Mrs,3,0,3.7111,0,1
2,female,14.0,1,0,30.0708,C,Mrs,2,0,15.0354,0,1
3,female,4.0,1,1,16.7,S,Miss,3,0,5.566666666666666,1,1
1,female,58.0,0,0,26.55,S,Miss,1,1,26.55,1,1
3,male,20.0,0,0,8.05,S,Mr,1,1,8.05,0,0
3,male,39.0,1,5,31.275,S,Mr,7,0,4.4678571428571425,0,0
3,female,14.0,0,0,7.8542,S,Miss,1,1,7.8542,0,0
2,female,55.0,0,0,16.0,S,Mrs,1,1,16.0,0,1
3,male,2.0,4,1,29.125,Q,Master,6,0,4.854166666666667,0,0
2,male,,0,0,13.0,S,Mr,1,1,13.0,0,1
3,female,31.0,1,0,18.0,S,Mrs,2,0,9.0,0,0
3,female,,0,0,7.225,C,Mrs,1,1,7.225,0,1
2,male,35.0,0,0,26.0,S,Mr,1,1,26.0,0,0
2,male,34.0,0,0,13.0,S,Mr,1,1,13.0,1,1
3,female,15.0,0,0,8.0292,Q,Miss,1,1,8.0292,0,1
1,male,28.0,0,0,35.5,S,Mr,1,1,35.5,1,1
3,female,8.0,3,1,21.075,S,Miss,5,0,4.215,0,0
3,female,38.0,1,5,31.3875,S,Mrs,7,0,4.483928571428572,0,1
3,male,,0,0,7.225,C,Mr,1,1,7.225,0,0
1,male,19.0,3,2,263.0,S,Mr,6,0,43.833333333333336,1,0
3,female,,0,0,7.8792,Q,Miss,1,1,7.8792,0,1
3,male,,0,0,7.8958,S,Mr,1,1,7.8958,0,0
1,male,40.0,0,0,27.7208,C,Rare,1,1,27.7208,0,0
1,female,,1,0,146.5208,C,Mrs,2,0,73.2604,1,1
3,female,,0,0,7.75,Q,Miss,1,1,7.75,0,1
2,male,66.0,0,0,10.5,S,Mr,1,1,10.5,0,0
1,male,28.0,1,0,82.1708,C,Mr,2,0,41.0854,0,0
1,male,42.0,1,0,52.0,S,Mr,2,0,26.0,0,0
3,male,,0,0,7.2292,C,Mr,1,1,7.2292,0,1
3,male,21.0,0,0,8.05,S,Mr,1,1,8.05,0,0
3,female,18.0,2,0,18.0,S,Miss,3,0,6.0,0,0
3,female,14.0,1,0,11.2417,C,Miss,2,0,5.62085,0,1
3,female,40.0,1,0,9.475,S,Mrs,2,0,4.7375,0,0
2,female,27.0,1,0,21.0,S,Mrs,2,0,10.5,0,0
3,male,,0,0,7.8958,C,Mr,1,1,7.8958,0,0
2,female,3.0,1,2,41.5792,C,Miss,4,0,10.3948,0,1
3,female,19.0,0,0,7.8792,Q,Miss,1,1,7.8792,0,1
3,male,,0,0,8.05,S,Mr,1,1,8.05,0,0
3,male,,1,0,15.5,Q,Mr,2,0,7.75,0,0
3,female,,0,0,7.75,Q,Miss,1,1,7.75,0,1
3,male,,2,0,21.6792,C,Mr,3,0,7.226400000000001,0,0
3,female,18.0,1,0,17.8,S,Mrs,2,0,8.9,0,0
3,male,7.0,4,1,39.6875,S,Master,6,0,6.614583333333333,0,0
3,male,21.0,0,0,7.8,S,Mr,1,1,7.8,0,0
1,female,49.0,1,0,76.7292,C,Mrs,2,0,38.3646,1,1
2,female,29.0,1,0,26.0,S,Mrs,2,0,13.0,0,1
1,male,65.0,0,1,61.9792,C,Mr,2,0,30.9896,1,0
1,male,,0,0,35.5,S,Mr,1,1,35.5,1,1
2,female,21.0,0,0,10.5,S,Miss,1,1,10.5,0,1
3,male,28.5,0,0,7.2292,C,Mr,1,1,7.2292,0,0
2,female,5.0,1,2,27.75,S,Miss,4,0,6.9375,0,1
3,male,11.0,5,2,46.9,S,Master,8,0,5.8625,0,0
3,male,22.0,0,0,7.2292,C,Mr,1,1,7.2292,0,0
1,female,38.0,0,0,80.0,,Miss,1,1,80.0,1,1
1,male,45.0,1,0,83.475,S,Mr,2,0,41.7375,1,0
3,male,4.0,3,2,27.9,S,Master,6,0,4.6499999999999995,0,0
1,male,,0,0,27.7208,C,Mr,1,1,27.7208,0,0
3,male,,1,1,15.2458,C,Master,3,0,5.081933333333333,0,1
2,female,29.0,0,0,10.5,S,Mrs,1,1,10.5,1,1
3,male,19.0,0,0,8.1583,S,Mr,1,1,8.1583,0,0
3,female,17.0,4,2,7.925,S,Miss,7,0,1.1321428571428571,0,1
3,male,26.0,2,0,8.6625,S,Mr,3,0,2.8874999999999997,0,0
2,male,32.0,0,0,10.5,S,Mr,1,1,10.5,0,0
3,female,16.0,5,2,46.9,S,Miss,8,0,5.8625,0,0
2,male,21.0,0,0,73.5,S,Mr,1,1,73.5,0,0
3,male,26.0,1,0,14.4542,C,Mr,2,0,7.2271,0,0
3,male,32.0,0,0,56.4958,S,Mr,1,1,56.4958,0,1
3,male,25.0,0,0,7.65,S,Mr,1,1,7.65,1,0
3,male,,0,0,7.8958,S,Mr,1,1,7.8958,0,0
3,male,,0,0,8.05,S,Mr,1,1,8.05,0,0
2,male,0.83,0,2,29.0,S,Master,3,0,9.666666666666666,0,1
3,female,30.0,0,0,12.475,S,Miss,1,1,12.475,0,1
3,male,22.0,0,0,9.0,S,Mr,1,1,9.0,0,0
3,male,29.0,0,0,9.5,S,Mr,1,1,9.5,0,1
3,female,,0,0,7.7875,Q,Miss,1,1,7.7875,0,1
1,male,28.0,0,0,47.1,S,Mr,1,1,47.1,0,0
2,female,17.0,0,0,10.5,S,Miss,1,1,10.5,0,1
3,female,33.0,3,0,15.85,S,Mrs,4,0,3.9625,0,1
3,male,16.0,1,3,34.375,S,Mr,5,0,6.875,0,0
3,male,,0,0,8.05,S,Mr,1,1,8.05,0,0
1,female,23.0,3,2,263.0,S,Miss,6,0,43.833333333333336,1,1
3,male,24.0,0,0,8.05,S,Mr,1,1,8.05,0,0
3,male,29.0,0,0,8.05,S,Mr,1,1,8.05,0,0
3,male,20.0,0,0,7.8542,S,Mr,1,1,7.8542,0,0
1,male,46.0,1,0,61.175,S,Mr,2,0,30.5875,1,0
3,male,26.0,1,2,20.575,S,Mr,4,0,5.14375,0,0
3,male,59.0,0,0,7.25,S,Mr,1,1,7.25,0,0
3,male,,0,0,8.05,S,Mr,1,1,8.05,0,0
1,male,71.0,0,0,34.6542,C,Mr,1,1,34.6542,1,0
1,male,23.0,0,1,63.3583,C,Mr,2,0,31.67915,1,1
2,female,34.0,0,1,23.0,S,Mrs,2,0,11.5,0,1
2,male,34.0,1,0,26.0,S,Mr,2,0,13.0,0,0
3,female,28.0,0,0,7.8958,S,Miss,1,1,7.8958,0,0
3,male,,0,0,7.8958,S,Mr,1,1,7.8958,0,0
1,male,21.0,0,1,77.2875,S,Mr,2,0,38.64375,1,0
3,male,33.0,0,0,8.6542,S,Mr,1,1,8.6542,0,0
3,male,37.0,2,0,7.925,S,Mr,3,0,2.6416666666666666,0,0
3,male,28.0,0,0,7.8958,S,Mr,1,1,7.8958,0,0
3,female,21.0,0,0,7.65,S,Miss,1,1,7.65,0,1
3,male,,0,0,7.775,S,Mr,1,1,7.775,0,1
3,male,38.0,0,0,7.8958,S,Mr,1,1,7.8958,0,0
3,female,,1,0,24.15,Q,Miss,2,0,12.075,0,1
1,male,47.0,0,0,52.0,S,Mr,1,1,52.0,1,0
3,female,14.5,1,0,14.4542,C,Miss,2,0,7.2271,0,0
3,male,22.0,0,0,8.05,S,Mr,1,1,8.05,0,0
3,female,20.0,1,0,9.825,S,Miss,2,0,4.9125,0,0
3,female,17.0,0,0,14.4583,C,Miss,1,1,14.4583,0,0
3,male,21.0,0,0,7.925,S,Mr,1,1,7.925,0,0
3,male,70.5,0,0,7.75,Q,Mr,1,1,7.75,0,0
2,male,29.0,1,0,21.0,S,Mr,2,0,10.5,0,0
1,male,24.0,0,1,247.5208,C,Mr,2,0,123.7604,1,0
3,female,2.0,4,2,31.275,S,Miss,7,0,4.4678571428571425,0,0
2,male,21.0,2,0,73.5,S,Mr,3,0,24.5,0,0
3,male,,0,0,8.05,S,Mr,1,1,8.05,0,0
2,male,32.5,1,0,30.0708,C,Mr,2,0,15.0354,0,0
2,female,32.5,0,0,13.0,S,Miss,1,1,13.0,1,1
1,male,54.0,0,1,77.2875,S,Mr,2,0,38.64375,1,0
3,male,12.0,1,0,11.2417,C,Master,2,0,5.62085,0,1
3,male,,0,0,7.75,Q,Mr,1,1,7.75,0,0
3,male,24.0,0,0,7.1417,S,Mr,1,1,7.1417,0,1
3,female,,1,1,22.3583,C,Miss,3,0,7.452766666666666,1,1
3,male,45.0,0,0,6.975,S,Mr,1,1,6.975,0,0
3,male,33.0,0,0,7.8958,C,Mr,1,1,7.8958,0,0
3,male,20.0,0,0,7.05,S,Mr,1,1,7.05,0,0
3,female,47.0,1,0,14.5,S,Mrs,2,0,7.25,0,0
2,female,29.0,1,0,26.0,S,Mrs,2,0,13.0,0,1
2,male,25.0,0,0,13.0,S,Mr,1,1,13.0,0,0
2,male,23.0,0,0,15.0458,C,Mr,1,1,15.0458,0,0
1,female,19.0,0,2,26.2833,S,Miss,3,0,8.7611,1,1
1,male,37.0,1,0,53.1,S,Mr,2,0,26.55,1,0
3,male,16.0,0,0,9.2167,S,Mr,1,1,9.2167,0,0
1,male,24.0,0,0,79.2,C,Mr,1,1,79.2,1,0
3,female,,0,2,15.2458,C,Mrs,3,0,5.081933333333333,0,0
3,female,22.0,0,0,7.75,S,Miss,1,1,7.75,0,1
3,female,24.0,1,0,15.85,S,Mrs,2,0,7.925,0,1
3,male,19.0,0,0,6.75,Q,Mr,1,1,6.75,0,0
2,male,18.0,0,0,11.5,S,Mr,1,1,11.5,0,0
2,male,19.0,1,1,36.75,S,Mr,3,0,12.25,0,0
3,male,27.0,0,0,7.7958,S,Mr,1,1,7.7958,0,1
3,female,9.0,2,2,34.375,S,Miss,5,0,6.875,0,0
2,male,36.5,0,2,26.0,S,Mr,3,0,8.666666666666666,1,0
2,male,42.0,0,0,13.0,S,Rare,1,1,13.0,0,0
2,male,51.0,0,0,12.525,S,Rare,1,1,12.525,0,0
1,female,22.0,1,0,66.6,S,Mrs,2,0,33.3,1,1
3,male,55.5,0,0,8.05,S,Mr,1,1,8.05,0,0
3,male,40.5,0,2,14.5,S,Mr,3,0,4.833333333333333,0,0
3,male,,0,0,7.3125,S,Mr,1,1,7.3125,0,0
1,male,51.0,0,1,61.3792,C,Mr,2,0,30.6896,0,0
3,female,16.0,0,0,7.7333,Q,Miss,1,1,7.7333,0,1
3,male,30.0,0,0,8.05,S,Mr,1,1,8.05,0,0
3,male,,0,0,8.6625,S,Mr,1,1,8.6625,0,0
3,male,,8,2,69.55,S,Master,11,0,6.322727272727272,0,0
3,male,44.0,0,1,16.1,S,Mr,2,0,8.05,0,0
2,female,40.0,0,0,15.75,S,Mrs,1,1,15.75,0,1
3,male,26.0,0,0,7.775,S,Mr,1,1,7.775,0,0
3,male,17.0,0,0,8.6625,S,Mr,1,1,8.6625,0,0
3,male,1.0,4,1,39.6875,S,Master,6,0,6.614583333333333,0,0
3,male,9.0,0,2,20.525,S,Master,3,0,6.841666666666666,0,1
1,female,,0,1,55.0,S,Mrs,2,0,27.5,1,1
3,female,45.0,1,4,27.9,S,Mrs,6,0,4.6499999999999995,0,0
1,male,,0,0,25.925,S,Mr,1,1,25.925,0,0
3,male,28.0,0,0,56.4958,S,Mr,1,1,56.4958,0,0
1,male,61.0,0,0,33.5,S,Mr,1,1,33.5,1,0
3,male,4.0,4,1,29.125,Q,Master,6,0,4.854166666666667,0,0
3,female,1.0,1,1,11.1333,S,Miss,3,0,3.7111,0,1
3,male,21.0,0,0,7.925,S,Mr,1,1,7.925,0,0
1,male,56.0,0,0,30.6958,C,Mr,1,1,30.6958,1,0
3,male,18.0,1,1,7.8542,S,Mr,3,0,2.6180666666666665,0,0
3,male,,3,1,25.4667,S,Master,5,0,5.0933399999999995,0,0
1,female,50.0,0,0,28.7125,C,Miss,1,1,28.7125,1,0
2,male,30.0,0,0,13.0,S,Mr,1,1,13.0,0,0
3,male,36.0,0,0,0.0,S,Mr,1,1,0.0,0,0
3,female,,8,2,69.55,S,Miss,11,0,6.322727272727272,0,0
2,male,,0,0,15.05,C,Mr,1,1,15.05,0,0
3,male,9.0,4,2,31.3875,S,Master,7,0,4.483928571428572,0,0
2,male,1.0,2,1,39.0,S,Master,4,0,9.75,1,1
3,female,4.0,0,2,22.025,S,Miss,3,0,7.341666666666666,0,1
1,male,,0,0,50.0,S,Mr,1,1,50.0,1,0
3,female,,1,0,15.5,Q,Mrs,2,0,7.75,0,1
1,male,45.0,0,0,26.55,S,Mr,1,1,26.55,0,1
3,male,40.0,1,1,15.5,Q,Mr,3,0,5.166666666666667,0,0
3,male,36.0,0,0,7.8958,S,Mr,1,1,7.8958,0,0
2,female,32.0,0,0,13.0,S,Mrs,1,1,13.0,0,1
2,male,19.0,0,0,13.0,S,Mr,1,1,13.0,0,0
3,female,19.0,1,0,7.8542,S,Miss,2,0,3.9271,0,1
2,male,3.0,1,1,26.0,S,Master,3,0,8.666666666666666,1,1
1,female,44.0,0,0,27.7208,C,Mrs,1,1,27.7208,1,1
1,female,58.0,0,0,146.5208,C,Miss,1,1,146.5208,1,1
3,male,,0,0,7.75,Q,Mr,1,1,7.75,0,0
3,male,42.0,0,1,8.4042,S,Mr,2,0,4.2021,0,0
3,female,,0,0,7.75,Q,Miss,1,1,7.75,0,1
2,female,24.0,0,0,13.0,S,Miss,1,1,13.0,0,0
3,male,28.0,0,0,9.5,S,Mr,1,1,9.5,0,0
3,male,,8,2,69.55,S,Mr,11,0,6.322727272727272,0,0
3,male,34.0,0,0,6.4958,S,Mr,1,1,6.4958,0,0
3,male,45.5,0,0,7.225,C,Mr,1,1,7.225,0,0
3,male,18.0,0,0,8.05,S,Mr,1,1,8.05,0,1
3,female,2.0,0,1,10.4625,S,Miss,2,0,5.23125,1,0
3,male,32.0,1,0,15.85,S,Mr,2,0,7.925,0,0
3,male,26.0,0,0,18.7875,C,Mr,1,1,18.7875,0,1
3,female,16.0,0,0,7.75,Q,Miss,1,1,7.75,0,1
1,male,40.0,0,0,31.0,C,Mr,1,1,31.0,1,1
3,male,24.0,0,0,7.05,S,Mr,1,1,7.05,0,0
2,female,35.0,0,0,21.0,S,Miss,1,1,21.0,0,1
3,male,22.0,0,0,7.25,S,Mr,1,1,7.25,0,0
2,male,30.0,0,0,13.0,S,Mr,1,1,13.0,0,0
3,male,,1,0,7.75,Q,Mr,2,0,3.875,0,0
1,female,31.0,1,0,113.275,C,Miss,2,0,56.6375,1,1
3,female,27.0,0,0,7.925,S,Miss,1,1,7.925,0,1
2,male,42.0,1,0,27.0,S,Mr,2,0,13.5,0,0
1,female,32.0,0,0,76.2917,C,Miss,1,1,76.2917,1,1
2,male,30.0,0,0,10.5,S,Mr,1,1,10.5,0,0
3,male,16.0,0,0,8.05,S,Mr,1,1,8.05,0,1
2,male,27.0,0,0,13.0,S,Mr,1,1,13.0,0,0
3,male,51.0,0,0,8.05,S,Mr,1,1,8.05,0,0
3,male,,0,0,7.8958,S,Mr,1,1,7.8958,0,0
1,male,38.0,1,0,90.0,S,Mr,2,0,45.0,1,1
3,male,22.0,0,0,9.35,S,Mr,1,1,9.35,0,0
2,male,19.0,0,0,10.5,S,Mr,1,1,10.5,0,1
3,male,20.5,0,0,7.25,S,Mr,1,1,7.25,0,0
2,male,18.0,0,0,13.0,S,Mr,1,1,13.0,0,0
3,female,,3,1,25.4667,S,Miss,5,0,5.0933399999999995,0,0
1,female,35.0,1,0,83.475,S,Mrs,2,0,41.7375,1,1
3,male,29.0,0,0,7.775,S,Mr,1,1,7.775,0,0
2,male,59.0,0,0,13.5,S,Mr,1,1,13.5,0,0
3,female,5.0,4,2,31.3875,S,Miss,7,0,4.483928571428572,0,1
2,male,24.0,0,0,10.5,S,Mr,1,1,10.5,0,0
3,female,,0,0,7.55,S,Miss,1,1,7.55,0,0
2,male,44.0,1,0,26.0,S,Mr,2,0,13.0,0,0
2,female,8.0,0,2,26.25,S,Miss,3,0,8.75,0,1
2,male,19.0,0,0,10.5,S,Mr,1,1,10.5,0,0
2,male,33.0,0,0,12.275,S,Mr,1,1,12.275,0,0
3,female,,1,0,14.4542,C,Miss,2,0,7.2271,0,0
3,female,,1,0,15.5,Q,Miss,2,0,7.75,0,1
2,male,29.0,0,0,10.5,S,Mr,1,1,10.5,0,0
3,male,22.0,0,0,7.125,S,Mr,1,1,7.125,0,0
3,male,30.0,0,0,7.225,C,Mr,1,1,7.225,0,0
1,male,44.0,2,0,90.0,Q,Rare,3,0,30.0,1,0
3,female,25.0,0,0,7.775,S,Miss,1,1,7.775,0,0
2,female,24.0,0,2,14.5,S,Mrs,3,0,4.833333333333333,0,1
1,male,37.0,1,1,52.5542,S,Mr,3,0,17.518066666666666,1,1
2,male,54.0,1,0,26.0,S,Rare,2,0,13.0,0,0
3,male,,0,0,7.25,S,Mr,1,1,7.25,0,0
3,female,29.0,1,1,10.4625,S,Mrs,3,0,3.4875000000000003,1,0
1,male,62.0,0,0,26.55,S,Mr,1,1,26.55,1,0
3,male,30.0,1,0,16.1,S,Mr,2,0,8.05,0,0
3,female,41.0,0,2,20.2125,S,Mrs,3,0,6.7375,0,0
3,female,29.0,0,2,15.2458,C,Mrs,3,0,5.081933333333333,0,1
1,female,,0,0,79.2,C,Mrs,1,1,79.2,0,1
1,female,30.0,0,0,86.5,S,Miss,1,1,86.5,1,1
1,female,35.0,0,0,512.3292,C,Miss,1,1,512.3292,0,1
2,female,50.0,0,1,26.0,S,Mrs,2,0,13.0,0,1
3,male,,0,0,7.75,Q,Mr,1,1,7.75,0,0
3,male,3.0,4,2,31.3875,S,Master,7,0,4.483928571428572,0,1
1,male,52.0,1,1,79.65,S,Mr,3,0,26.55,1,0
1,male,40.0,0,0,0.0,S,Mr,1,1,0.0,1,0
3,female,,0,0,7.75,Q,Miss,1,1,7.75,0,0
2,male,36.0,0,0,10.5,S,Mr,1,1,10.5,0,0
3,male,16.0,4,1,39.6875,S,Mr,6,0,6.614583333333333,0,0
3,male,25.0,1,0,7.775,S,Mr,2,0,3.8875,0,1
1,female,58.0,0,1,153.4625,S,Mrs,2,0,76.73125,1,1
1,female,35.0,0,0,135.6333,S,Miss,1,1,135.6333,1,1
1,male,,0,0,31.0,S,Mr,1,1,31.0,0,0
3,male,25.0,0,0,0.0,S,Mr,1,1,0.0,0,1
2,female,41.0,0,1,19.5,S,Mrs,2,0,9.75,0,1
1,male,37.0,0,1,29.7,C,Mr,2,0,14.85,1,0
3,female,,0,0,7.75,Q,Miss,1,1,7.75,0,1
1,female,63.0,1,0,77.9583,S,Miss,2,0,38.97915,1,1
3,female,45.0,0,0,7.75,S,Miss,1,1,7.75,0,0
2,male,,0,0,0.0,S,Mr,1,1,0.0,0,0
3,male,7.0,4,1,29.125,Q,Master,6,0,4.854166666666667,0,0
3,female,35.0,1,1,20.25,S,Mrs,3,0,6.75,0,1
3,male,65.0,0,0,7.75,Q,Mr,1,1,7.75,0,0
3,male,28.0,0,0,7.8542,S,Mr,1,1,7.8542,0,0
3,male,16.0,0,0,9.5,S,Mr,1,1,9.5,0,0
3,male,19.0,0,0,8.05,S,Mr,1,1,8.05,0,1
1,male,,0,0,26.0,S,Mr,1,1,26.0,1,0
3,male,33.0,0,0,8.6625,C,Mr,1,1,8.6625,0,0
3,male,30.0,0,0,9.5,S,Mr,1,1,9.5,0,1
3,male,22.0,0,0,7.8958,S,Mr,1,1,7.8958,0,0
2,male,42.0,0,0,13.0,S,Mr,1,1,13.0,0,1
3,female,22.0,0,0,7.75,Q,Miss,1,1,7.75,0,1
1,female,26.0,0,0,78.85,S,Miss,1,1,78.85,0,1
1,female,19.0,1,0,91.0792,C,Mrs,2,0,45.5396,1,1
2,male,36.0,0,0,12.875,C,Mr,1,1,12.875,1,0
3,female,24.0,0,0,8.85,S,Miss,1,1,8.85,0,0
3,male,24.0,0,0,7.8958,S,Mr,1,1,7.8958,0,0
1,male,,0,0,27.7208,C,Mr,1,1,27.7208,0,0
3,male,23.5,0,0,7.2292,C,Mr,1,1,7.2292,0,0
1,female,2.0,1,2,151.55,S,Miss,4,0,37.8875,1,0
1,male,,0,0,30.5,S,Mr,1,1,30.5,1,1
1,female,50.0,0,1,247.5208,C,Mrs,2,0,123.7604,1,1
3,female,,0,0,7.75,Q,Miss,1,1,7.75,0,1
3,male,,2,0,23.25,Q,Mr,3,0,7.75,0,1
3,male,19.0,0,0,0.0,S,Mr,1,1,0.0,0,0
2,female,,0,0,12.35,Q,Miss,1,1,12.35,1,1
3,male,,0,0,8.05,S,Mr,1,1,8.05,0,0
1,male,0.92,1,2,151.55,S,Master,4,0,37.8875,1,1
1,female,,0,0,110.8833,C,Miss,1,1,110.8833,0,1
1,female,17.0,1,0,108.9,C,Mrs,2,0,54.45,1,1
2,male,30.0,1,0,24.0,C,Mr,2,0,12.0,0,0
1,female,30.0,0,0,56.9292,C,Miss,1,1,56.9292,1,1
1,female,24.0,0,0,83.1583,C,Miss,1,1,83.1583,1,1
1,female,18.0,2,2,262.375,C,Miss,5,0,52.475,1,1
2,female,26.0,1,1,26.0,S,Mrs,3,0,8.666666666666666,0,0
3,male,28.0,0,0,7.8958,S,Mr,1,1,7.8958,0,0
2,male,43.0,1,1,26.25,S,Mr,3,0,8.75,0,0
3,female,26.0,0,0,7.8542,S,Miss,1,1,7.8542,0,1
2,female,24.0,1,0,26.0,S,Mrs,2,0,13.0,0,1
2,male,54.0,0,0,14.0,S,Rare,1,1,14.0,0,0
1,female,31.0,0,2,164.8667,S,Miss,3,0,54.95556666666667,1,1
1,female,40.0,1,1,134.5,C,Mrs,3,0,44.833333333333336,1,1
3,male,22.0,0,0,7.25,S,Mr,1,1,7.25,0,0
3,male,27.0,0,0,7.8958,S,Mr,1,1,7.8958,0,0
2,female,30.0,0,0,12.35,Q,Miss,1,1,12.35,0,1
2,female,22.0,1,1,29.0,S,Mrs,3,0,9.666666666666666,0,1
3,male,,8,2,69.55,S,Mr,11,0,6.322727272727272,0,0
1,female,36.0,0,0,135.6333,C,Miss,1,1,135.6333,1,1
3,male,61.0,0,0,6.2375,S,Mr,1,1,6.2375,0,0
2,female,36.0,0,0,13.0,S,Mrs,1,1,13.0,1,1
3,female,31.0,1,1,20.525,S,Mrs,3,0,6.841666666666666,0,1
1,female,16.0,0,1,57.9792,C,Miss,2,0,28.9896,1,1
3,female,,2,0,23.25,Q,Miss,3,0,7.75,0,1
1,male,45.5,0,0,28.5,S,Mr,1,1,28.5,1,0
1,male,38.0,0,1,153.4625,S,Mr,2,0,76.73125,1,0
3,male,16.0,2,0,18.0,S,Mr,3,0,6.0,0,0
1,female,,1,0,133.65,S,Mrs,2,0,66.825,0,1
3,male,,0,0,7.8958,S,Mr,1,1,7.8958,0,0
1,male,29.0,1,0,66.6,S,Mr,2,0,33.3,1,0
1,female,41.0,0,0,134.5,C,Miss,1,1,134.5,1,1
3,male,45.0,0,0,8.05,S,Mr,1,1,8.05,0,1
1,male,45.0,0,0,35.5,S,Mr,1,1,35.5,1,0
2,male,2.0,1,1,26.0,S,Master,3,0,8.666666666666666,1,1
1,female,24.0,3,2,263.0,S,Miss,6,0,43.833333333333336,1,1
2,male,28.0,0,0,13.0,S,Mr,1,1,13.0,0,0
2,male,25.0,0,0,13.0,S,Mr,1,1,13.0,0,0
2,male,36.0,0,0,13.0,S,Mr,1,1,13.0,0,0
2,female,24.0,0,0,13.0,S,Miss,1,1,13.0,1,1
2,female,40.0,0,0,13.0,S,Miss,1,1,13.0,0,1
3,female,,1,0,16.1,S,Mrs,2,0,8.05,0,1
3,male,3.0,1,1,15.9,S,Master,3,0,5.3,0,1
3,male,42.0,0,0,8.6625,S,Mr,1,1,8.6625,0,0
3,male,23.0,0,0,9.225,S,Mr,1,1,9.225,0,0
1,male,,0,0,35.0,S,Mr,1,1,35.0,1,0
3,male,15.0,1,1,7.2292,C,Mr,3,0,2.409733333333333,0,0
3,male,25.0,1,0,17.8,S,Mr,2,0,8.9,0,0
3,male,,0,0,7.225,C,Mr,1,1,7.225,0,0
3,male,28.0,0,0,9.5,S,Mr,1,1,9.5,0,0
1,female,22.0,0,1,55.0,S,Miss,2,0,27.5,1,1
2,female,38.0,0,0,13.0,S,Miss,1,1,13.0,0,0
3,female,,0,0,7.8792,Q,Miss,1,1,7.8792,0,1
3,female,,0,0,7.8792,Q,Miss,1,1,7.8792,0,1
3,male,40.0,1,4,27.9,S,Mr,6,0,4.6499999999999995,0,0
2,male,29.0,1,0,27.7208,C,Mr,2,0,13.8604,0,0
3,female,45.0,0,1,14.4542,C,Mrs,2,0,7.2271,0,0
3,male,35.0,0,0,7.05,S,Mr,1,1,7.05,0,0
3,male,,1,0,15.5,Q,Mr,2,0,7.75,0,0
3,male,30.0,0,0,7.25,S,Mr,1,1,7.25,0,0
1,female,60.0,1,0,75.25,C,Mrs,2,0,37.625,1,1
3,female,,0,0,7.2292,C,Mrs,1,1,7.2292,0,1
3,female,,0,0,7.75,Q,Miss,1,1,7.75,0,1
1,female,24.0,0,0,69.3,C,Rare,1,1,69.3,1,1
1,male,25.0,1,0,55.4417,C,Mr,2,0,27.72085,1,1
3,male,18.0,1,0,6.4958,S,Mr,2,0,3.2479,0,0
3,male,19.0,0,0,8.05,S,Mr,1,1,8.05,0,0
1,male,22.0,0,0,135.6333,C,Mr,1,1,135.6333,0,0
3,female,3.0,3,1,21.075,S,Miss,5,0,4.215,0,0
1,female,,1,0,82.1708,C,Mrs,2,0,41.0854,0,1
3,female,22.0,0,0,7.25,S,Miss,1,1,7.25,0,1
1,male,27.0,0,2,211.5,C,Mr,3,0,70.5,1,0
3,male,20.0,0,0,4.0125,C,Mr,1,1,4.0125,0,0
3,male,19.0,0,0,7.775,S,Mr,1,1,7.775,0,0
1,female,42.0,0,0,227.525,C,Miss,1,1,227.525,0,1
3,female,1.0,0,2,15.7417,C,Miss,3,0,5.247233333333333,0,1
3,male,32.0,0,0,7.925,S,Mr,1,1,7.925,0,0
1,female,35.0,1,0,52.0,S,Mrs,2,0,26.0,0,1
3,male,,0,0,7.8958,S,Mr,1,1,7.8958,0,0
2,male,18.0,0,0,73.5,S,Mr,1,1,73.5,0,0
3,male,1.0,5,2,46.9,S,Master,8,0,5.8625,0,0
2,female,36.0,0,0,13.0,S,Miss,1,1,13.0,0,1
3,male,,0,0,7.7292,Q,Mr,1,1,7.7292,0,0
2,female,17.0,0,0,12.0,C,Miss,1,1,12.0,0,1
1,male,36.0,1,2,120.0,S,Mr,4,0,30.0,1,1
3,male,21.0,0,0,7.7958,S,Mr,1,1,7.7958,0,1
3,male,28.0,2,0,7.925,S,Mr,3,0,2.6416666666666666,0,0
1,female,23.0,1,0,113.275,C,Miss,2,0,56.6375,1,1
3,female,24.0,0,2,16.7,S,Mrs,3,0,5.566666666666666,1,1
3,male,22.0,0,0,7.7958,S,Mr,1,1,7.7958,0,0
3,female,31.0,0,0,7.8542,S,Miss,1,1,7.8542,0,0
2,male,46.0,0,0,26.0,S,Mr,1,1,26.0,0,0
2,male,23.0,0,0,10.5,S,Rare,1,1,10.5,0,0
2,female,28.0,0,0,12.65,S,Mrs,1,1,12.65,0,1
3,male,39.0,0,0,7.925,S,Mr,1,1,7.925,0,1
3,male,26.0,0,0,8.05,S,Mr,1,1,8.05,0,0
3,female,21.0,1,0,9.825,S,Miss,2,0,4.9125,0,0
3,male,28.0,1,0,15.85,S,Mr,2,0,7.925,0,0
3,female,20.0,0,0,8.6625,S,Miss,1,1,8.6625,0,0
2,male,34.0,1,0,21.0,S,Mr,2,0,10.5,0,0
3,male,51.0,0,0,7.75,S,Mr,1,1,7.75,0,0
2,male,3.0,1,1,18.75,S,Master,3,0,6.25,0,1
3,male,21.0,0,0,7.775,S,Mr,1,1,7.775,0,0
3,female,,3,1,25.4667,S,Miss,5,0,5.0933399999999995,0,0
3,male,,0,0,7.8958,S,Mr,1,1,7.8958,0,0
3,male,,0,0,6.8583,Q,Mr,1,1,6.8583,0,0
1,female,33.0,1,0,90.0,Q,Miss,2,0,45.0,1,1
2,male,,0,0,0.0,S,Mr,1,1,0.0,0,0
3,male,44.0,0,0,7.925,S,Mr,1,1,7.925,0,1
3,female,,0,0,8.05,S,Mrs,1,1,8.05,0,0
2,female,34.0,1,1,32.5,S,Mrs,3,0,10.833333333333334,0,1
2,female,18.0,0,2,13.0,S,Miss,3,0,4.333333333333333,0,1
2,male,30.0,0,0,13.0,S,Mr,1,1,13.0,0,0
3,female,10.0,0,2,24.15,S,Miss,3,0,8.049999999999999,0,0
3,male,,0,0,7.8958,C,Mr,1,1,7.8958,0,0
3,male,21.0,0,0,7.7333,Q,Mr,1,1,7.7333,0,0
3,male,29.0,0,0,7.875,S,Mr,1,1,7.875,0,0
3,female,28.0,1,1,14.4,S,Mrs,3,0,4.8,0,0
3,male,18.0,1,1,20.2125,S,Mr,3,0,6.7375,0,0
3,male,,0,0,7.25,S,Mr,1,1,7.25,0,0
2,female,28.0,1,0,26.0,S,Mrs,2,0,13.0,0,1
2,female,19.0,0,0,26.0,S,Miss,1,1,26.0,0,1
3,male,,0,0,7.75,Q,Mr,1,1,7.75,0,0
3,male,32.0,0,0,8.05,S,Mr,1,1,8.05,1,1
1,male,28.0,0,0,26.55,S,Mr,1,1,26.55,1,1
3,female,,1,0,16.1,S,Mrs,2,0,8.05,0,1
2,female,42.0,1,0,26.0,S,Mrs,2,0,13.0,0,1
3,male,17.0,0,0,7.125,S,Mr,1,1,7.125,0,0
1,male,50.0,1,0,55.9,S,Mr,2,0,27.95,1,0
1,female,14.0,1,2,120.0,S,Miss,4,0,30.0,1,1
3,female,21.0,2,2,34.375,S,Miss,5,0,6.875,0,0
2,female,24.0,2,3,18.75,S,Mrs,6,0,3.125,0,1
1,male,64.0,1,4,263.0,S,Mr,6,0,43.833333333333336,1,0
2,male,31.0,0,0,10.5,S,Mr,1,1,10.5,0,0
2,female,45.0,1,1,26.25,S,Mrs,3,0,8.75,0,1
3,male,20.0,0,0,9.5,S,Mr,1,1,9.5,0,0
3,male,25.0,1,0,7.775,S,Mr,2,0,3.8875,0,0
2,female,28.0,0,0,13.0,S,Rare,1,1,13.0,0,1
3,male,,0,0,8.1125,S,Mr,1,1,8.1125,0,1
1,male,4.0,0,2,81.8583,S,Master,3,0,27.2861,1,1
2,female,13.0,0,1,19.5,S,Miss,2,0,9.75,0,1
1,male,34.0,0,0,26.55,S,Mr,1,1,26.55,0,1
3,female,5.0,2,1,19.2583,C,Miss,4,0,4.814575,0,1
1,male,52.0,0,0,30.5,S,Rare,1,1,30.5,1,1
2,male,36.0,1,2,27.75,S,Mr,4,0,6.9375,0,0
3,male,,1,0,19.9667,S,Mr,2,0,9.98335,0,0
1,male,30.0,0,0,27.75,C,Mr,1,1,27.75,1,0
1,male,49.0,1,0,89.1042,C,Mr,2,0,44.5521,1,1
3,male,,0,0,8.05,S,Mr,1,1,8.05,0,0
3,male,29.0,0,0,7.8958,C,Mr,1,1,7.8958,0,1
1,male,65.0,0,0,26.55,S,Mr,1,1,26.55,1,0
1,female,,1,0,51.8625,S,Mrs,2,0,25.93125,1,1
2,female,50.0,0,0,10.5,S,Miss,1,1,10.5,0,1
3,male,,0,0,7.75,Q,Mr,1,1,7.75,0,0
1,male,48.0,0,0,26.55,S,Mr,1,1,26.55,1,1
3,male,34.0,0,0,8.05,S,Mr,1,1,8.05,0,0
1,male,47.0,0,0,38.5,S,Mr,1,1,38.5,1,0
2,male,48.0,0,0,13.0,S,Mr,1,1,13.0,0,0
3,male,,0,0,8.05,S,Mr,1,1,8.05,0,0
3,male,38.0,0,0,7.05,S,Mr,1,1,7.05,0,0
2,male,,0,0,0.0,S,Mr,1,1,0.0,0,0
1,male,56.0,0,0,26.55,S,Mr,1,1,26.55,0,0
3,male,,0,0,7.725,Q,Mr,1,1,7.725,0,0
3,female,0.75,2,1,19.2583,C,Miss,4,0,4.814575,0,1
3,male,,0,0,7.25,S,Mr,1,1,7.25,0,0
3,male,38.0,0,0,8.6625,S,Mr,1,1,8.6625,0,0
2,female,33.0,1,2,27.75,S,Mrs,4,0,6.9375,0,1
2,female,23.0,0,0,13.7917,C,Mrs,1,1,13.7917,1,1
3,female,22.0,0,0,9.8375,S,Miss,1,1,9.8375,0,0
1,male,,0,0,52.0,S,Mr,1,1,52.0,1,0
2,male,34.0,1,0,21.0,S,Mr,2,0,10.5,0,0
3,male,29.0,1,0,7.0458,S,Mr,2,0,3.5229,0,0
3,male,22.0,0,0,7.5208,S,Mr,1,1,7.5208,0,0
3,female,2.0,0,1,12.2875,S,Miss,2,0,6.14375,0,1
3,male,9.0,5,2,46.9,S,Master,8,0,5.8625,0,0
2,male,,0,0,0.0,S,Mr,1,1,0.0,0,0
3,male,50.0,0,0,8.05,S,Mr,1,1,8.05,0,0
3,female,63.0,0,0,9.5875,S,Mrs,1,1,9.5875,0,1
1,male,25.0,1,0,91.0792,C,Mr,2,0,45.5396,1,1
3,female,,3,1,25.4667,S,Miss,5,0,5.0933399999999995,0,0
1,female,35.0,1,0,90.0,S,Mrs,2,0,45.0,1,1
1,male,58.0,0,0,29.7,C,Mr,1,1,29.7,1,0
3,male,30.0,0,0,8.05,S,Mr,1,1,8.05,0,0
3,male,9.0,1,1,15.9,S,Master,3,0,5.3,0,1
3,male,,1,0,19.9667,S,Mr,2,0,9.98335,0,0
3,male,21.0,0,0,7.25,S,Mr,1,1,7.25,0,0
1,male,55.0,0,0,30.5,S,Mr,1,1,30.5,1,0
1,male,71.0,0,0,49.5042,C,Mr,1,1,49.5042,0,0
3,male,21.0,0,0,8.05,S,Mr,1,1,8.05,0,0
3,male,,0,0,14.4583,C,Mr,1,1,14.4583,0,0
1,female,54.0,1,0,78.2667,C,Miss,2,0,39.13335,1,1
3,male,,0,0,15.1,S,Mr,1,1,15.1,0,0
1,female,25.0,1,2,151.55,S,Mrs,4,0,37.8875,1,0
3,male,24.0,0,0,7.7958,S,Mr,1,1,7.7958,0,0
3,male,17.0,0,0,8.6625,S,Mr,1,1,8.6625,0,0
3,female,21.0,0,0,7.75,Q,Miss,1,1,7.75,0,0
3,female,,0,0,7.6292,Q,Miss,1,1,7.6292,0,0
3,female,37.0,0,0,9.5875,S,Miss,1,1,9.5875,0,0
1,female,16.0,0,0,86.5,S,Miss,1,1,86.5,1,1
1,male,18.0,1,0,108.9,C,Mr,2,0,54.45,1,0
2,female,33.0,0,2,26.0,S,Mrs,3,0,8.666666666666666,0,1
1,male,,0,0,26.55,S,Mr,1,1,26.55,0,1
3,male,28.0,0,0,22.525,S,Mr,1,1,22.525,0,0
3,male,26.0,0,0,56.4958,S,Mr,1,1,56.4958,0,1
3,male,29.0,0,0,7.75,Q,Mr,1,1,7.75,0,1
3,male,,0,0,8.05,S,Mr,1,1,8.05,0,0
1,male,36.0,0,0,26.2875,S,Mr,1,1,26.2875,1,1
1,female,54.0,1,0,59.4,C,Mrs,2,0,29.7,0,1
3,male,24.0,0,0,7.4958,S,Mr,1,1,7.4958,0,0
1,male,47.0,0,0,34.0208,S,Mr,1,1,34.0208,1,0
2,female,34.0,0,0,10.5,S,Mrs,1,1,10.5,1,1
3,male,,0,0,24.15,Q,Mr,1,1,24.15,0,0
2,female,36.0,1,0,26.0,S,Mrs,2,0,13.0,0,1
3,male,32.0,0,0,7.8958,S,Mr,1,1,7.8958,0,0
1,female,30.0,0,0,93.5,S,Miss,1,1,93.5,1,1
3,male,22.0,0,0,7.8958,S,Mr,1,1,7.8958,0,0
3,male,,0,0,7.225,C,Mr,1,1,7.225,0,0
1,female,44.0,0,1,57.9792,C,Mrs,2,0,28.9896,1,1
3,male,,0,0,7.2292,C,Mr,1,1,7.2292,0,0
3,male,40.5,0,0,7.75,Q,Mr,1,1,7.75,0,0
2,female,50.0,0,0,10.5,S,Miss,1,1,10.5,0,1
1,male,,0,0,221.7792,S,Mr,1,1,221.7792,1,0
3,male,39.0,0,0,7.925,S,Mr,1,1,7.925,0,0
2,male,23.0,2,1,11.5,S,Mr,4,0,2.875,0,0
2,female,2.0,1,1,26.0,S,Miss,3,0,8.666666666666666,0,1
3,male,,0,0,7.2292,C,Mr,1,1,7.2292,0,0
3,male,17.0,1,1,7.2292,C,Mr,3,0,2.409733333333333,0,0
3,female,,0,2,22.3583,C,Mrs,3,0,7.452766666666666,0,1
3,female,30.0,0,0,8.6625,S,Miss,1,1,8.6625,0,0
2,female,7.0,0,2,26.25,S,Miss,3,0,8.75,0,1
1,male,45.0,0,0,26.55,S,Rare,1,1,26.55,1,0
1,female,30.0,0,0,106.425,C,Miss,1,1,106.425,0,1
3,male,,0,0,14.5,S,Mr,1,1,14.5,0,0
1,female,22.0,0,2,49.5,C,Miss,3,0,16.5,1,1
1,female,36.0,0,2,71.0,S,Miss,3,0,23.666666666666668,1,1
3,female,9.0,4,2,31.275,S,Miss,7,0,4.4678571428571425,0,0
3,female,11.0,4,2,31.275,S,Miss,7,0,4.4678571428571425,0,0
2,male,32.0,1,0,26.0,S,Mr,2,0,13.0,0,1
1,male,50.0,1,0,106.425,C,Mr,2,0,53.2125,1,0
1,male,64.0,0,0,26.0,S,Mr,1,1,26.0,0,0
2,female,19.0,1,0,26.0,S,Mrs,2,0,13.0,0,1
2,male,,0,0,13.8625,C,Mr,1,1,13.8625,0,1
3,male,33.0,1,1,20.525,S,Mr,3,0,6.841666666666666,0,0
2,male,8.0,1,1,36.75,S,Master,3,0,12.25,0,1
1,male,17.0,0,2,110.8833,C,Mr,3,0,36.9611,1,1
2,male,27.0,0,0,26.0,S,Mr,1,1,26.0,0,0
3,male,,0,0,7.8292,Q,Mr,1,1,7.8292,0,0
3,male,22.0,0,0,7.225,C,Mr,1,1,7.225,0,1
3,female,22.0,0,0,7.775,S,Miss,1,1,7.775,0,1
1,male,62.0,0,0,26.55,S,Mr,1,1,26.55,0,0
1,female,48.0,1,0,39.6,C,Rare,2,0,19.8,1,1
1,male,,0,0,227.525,C,Mr,1,1,227.525,0,0
1,female,39.0,1,1,79.65,S,Mrs,3,0,26.55,1,1
3,female,36.0,1,0,17.4,S,Mrs,2,0,8.7,0,1
3,male,,0,0,7.75,Q,Mr,1,1,7.75,0,0
3,male,40.0,0,0,7.8958,S,Mr,1,1,7.8958,0,0
2,male,28.0,0,0,13.5,S,Mr,1,1,13.5,0,0
3,male,,0,0,8.05,S,Mr,1,1,8.05,0,0
3,female,,0,0,8.05,S,Miss,1,1,8.05,0,0
3,male,24.0,2,0,24.15,S,Mr,3,0,8.049999999999999,0,0
3,male,19.0,0,0,7.8958,S,Mr,1,1,7.8958,0,0
3,female,29.0,0,4,21.075,S,Mrs,5,0,4.215,0,0
3,male,,0,0,7.2292,C,Mr,1,1,7.2292,0,0
3,male,32.0,0,0,7.8542,S,Mr,1,1,7.8542,0,1
2,male,62.0,0,0,10.5,S,Mr,1,1,10.5,0,1
1,female,53.0,2,0,51.4792,S,Mrs,3,0,17.15973333333333,1,1
1,male,36.0,0,0,26.3875,S,Mr,1,1,26.3875,1,1
3,female,,0,0,7.75,Q,Miss,1,1,7.75,0,1
3,male,16.0,0,0,8.05,S,Mr,1,1,8.05,0,0
3,male,19.0,0,0,14.5,S,Mr,1,1,14.5,0,0
2,female,34.0,0,0,13.0,S,Miss,1,1,13.0,0,1
1,female,39.0,1,0,55.9,S,Mrs,2,0,27.95,1,1
3,female,,1,0,14.4583,C,Mrs,2,0,7.22915,0,0
3,male,32.0,0,0,7.925,S,Mr,1,1,7.925,0,1
2,female,25.0,1,1,30.0,S,Miss,3,0,10.0,0,1
1,female,39.0,1,1,110.8833,C,Mrs,3,0,36.9611,1,1
2,male,54.0,0,0,26.0,S,Mr,1,1,26.0,0,0
1,male,36.0,0,0,40.125,C,Mr,1,1,40.125,1,0
3,male,,0,0,8.7125,C,Mr,1,1,8.7125,0,0
1,female,18.0,0,2,79.65,S,Miss,3,0,26.55,1,1
2,male,47.0,0,0,15.0,S,Mr,1,1,15.0,0,0
1,male,60.0,1,1,79.2,C,Mr,3,0,26.400000000000002,1,1
3,male,22.0,0,0,8.05,S,Mr,1,1,8.05,0,0
3,male,,0,0,8.05,S,Mr,1,1,8.05,0,0
3,male,35.0,0,0,7.125,S,Mr,1,1,7.125,0,0
1,female,52.0,1,0,78.2667,C,Mrs,2,0,39.13335,1,1
3,male,47.0,0,0,7.25,S,Mr,1,1,7.25,0,0
3,female,,0,2,7.75,Q,Miss,3,0,2.5833333333333335,0,0
2,male,37.0,1,0,26.0,S,Mr,2,0,13.0,0,0
3,male,36.0,1,1,24.15,S,Mr,3,0,8.049999999999999,0,0
2,female,,0,0,33.0,S,Miss,1,1,33.0,0,1
3,male,49.0,0,0,0.0,S,Mr,1,1,0.0,0,0
3,male,,0,0,7.225,C,Mr,1,1,7.225,0,0
1,male,49.0,1,0,56.9292,C,Rare,2,0,28.4646,1,1
2,female,24.0,2,1,27.0,S,Mrs,4,0,6.75,0,1
3,male,,0,0,7.8958,S,Mr,1,1,7.8958,0,0
1,male,,0,0,42.4,S,Mr,1,1,42.4,0,0
3,male,44.0,0,0,8.05,S,Mr,1,1,8.05,0,0
1,male,35.0,0,0,26.55,C,Mr,1,1,26.55,0,1
3,male,36.0,1,0,15.55,S,Mr,2,0,7.775,0,0
3,male,30.0,0,0,7.8958,S,Mr,1,1,7.8958,0,0
1,male,27.0,0,0,30.5,S,Mr,1,1,30.5,0,1
2,female,22.0,1,2,41.5792,C,Mrs,4,0,10.3948,0,1
1,female,40.0,0,0,153.4625,S,Miss,1,1,153.4625,1,1
3,female,39.0,1,5,31.275,S,Mrs,7,0,4.4678571428571425,0,0
3,male,,0,0,7.05,S,Mr,1,1,7.05,0,0
3,female,,1,0,15.5,Q,Miss,2,0,7.75,0,1
3,male,,0,0,7.75,Q,Mr,1,1,7.75,0,0
3,male,35.0,0,0,8.05,S,Mr,1,1,8.05,0,0
2,female,24.0,1,2,65.0,S,Miss,4,0,16.25,0,1
3,male,34.0,1,1,14.4,S,Mr,3,0,4.8,0,0
3,female,26.0,1,0,16.1,S,Mrs,2,0,8.05,0,0
2,female,4.0,2,1,39.0,S,Miss,4,0,9.75,1,1
2,male,26.0,0,0,10.5,S,Mr,1,1,10.5,0,0
3,male,27.0,1,0,14.4542,C,Mr,2,0,7.2271,0,0
1,male,42.0,1,0,52.5542,S,Mr,2,0,26.2771,1,1
3,male,20.0,1,1,15.7417,C,Mr,3,0,5.247233333333333,0,1
3,male,21.0,0,0,7.8542,S,Mr,1,1,7.8542,0,0
3,male,21.0,0,0,16.1,S,Mr,1,1,16.1,0,0
1,male,61.0,0,0,32.3208,S,Mr,1,1,32.3208,1,0
2,male,57.0,0,0,12.35,Q,Rare,1,1,12.35,0,0
1,female,21.0,0,0,77.9583,S,Miss,1,1,77.9583,1,1
3,male,26.0,0,0,7.8958,S,Mr,1,1,7.8958,0,0
3,male,,0,0,7.7333,Q,Mr,1,1,7.7333,0,0
1,male,80.0,0,0,30.0,S,Mr,1,1,30.0,1,1
3,male,51.0,0,0,7.0542,S,Mr,1,1,7.0542,0,0
1,male,32.0,0,0,30.5,C,Rare,1,1,30.5,1,1
1,male,,0,0,0.0,S,Mr,1,1,0.0,0,0
3,female,9.0,3,2,27.9,S,Miss,6,0,4.6499999999999995,0,0
2,female,28.0,0,0,13.0,S,Miss,1,1,13.0,0,1
3,male,32.0,0,0,7.925,S,Mr,1,1,7.925,0,0
2,male,31.0,1,1,26.25,S,Mr,3,0,8.75,0,0
3,female,41.0,0,5,39.6875,S,Mrs,6,0,6.614583333333333,0,0
3,male,,1,0,16.1,S,Mr,2,0,8.05,0,0
3,male,20.0,0,0,7.8542,S,Mr,1,1,7.8542,0,0
1,female,24.0,0,0,69.3,C,Rare,1,1,69.3,1,1
3,female,2.0,3,2,27.9,S,Miss,6,0,4.6499999999999995,0,0
3,male,,0,0,56.4958,S,Mr,1,1,56.4958,0,1
3,female,0.75,2,1,19.2583,C,Miss,4,0,4.814575,0,1
1,male,48.0,1,0,76.7292,C,Mr,2,0,38.3646,1,1
3,male,19.0,0,0,7.8958,S,Mr,1,1,7.8958,0,0
1,male,56.0,0,0,35.5,C,Rare,1,1,35.5,1,1
3,male,,0,0,7.55,S,Mr,1,1,7.55,0,0
3,female,23.0,0,0,7.55,S,Miss,1,1,7.55,0,1
3,male,,0,0,7.8958,S,Mr,1,1,7.8958,0,0
2,female,18.0,0,1,23.0,S,Miss,2,0,11.5,0,1
3,male,21.0,0,0,8.4333,S,Mr,1,1,8.4333,0,0
3,female,,0,0,7.8292,Q,Miss,1,1,7.8292,0,1
3,female,18.0,0,0,6.75,Q,Miss,1,1,6.75,0,0
2,male,24.0,2,0,73.5,S,Mr,3,0,24.5,0,0
3,male,,0,0,7.8958,S,Mr,1,1,7.8958,0,0
3,female,32.0,1,1,15.5,Q,Mrs,3,0,5.166666666666667,0,0
2,male,23.0,0,0,13.0,S,Mr,1,1,13.0,0,0
1,male,58.0,0,2,113.275,C,Mr,3,0,37.75833333333333,1,0
1,male,50.0,2,0,133.65,S,Rare,3,0,44.550000000000004,0,1
3,male,40.0,0,0,7.225,C,Mr,1,1,7.225,0,0
1,male,47.0,0,0,25.5875,S,Mr,1,1,25.5875,1,0
3,male,36.0,0,0,7.4958,S,Mr,1,1,7.4958,0,0
3,male,20.0,1,0,7.925,S,Mr,2,0,3.9625,0,1
2,male,32.0,2,0,73.5,S,Mr,3,0,24.5,0,0
2,male,25.0,0,0,13.0,S,Mr,1,1,13.0,0,0
3,male,,0,0,7.775,S,Mr,1,1,7.775,0,0
3,male,43.0,0,0,8.05,S,Mr,1,1,8.05,0,0
1,female,,1,0,52.0,S,Mrs,2,0,26.0,1,1
2,female,40.0,1,1,39.0,S,Mrs,3,0,13.0,0,1
1,male,31.0,1,0,52.0,S,Mr,2,0,26.0,1,0
2,male,70.0,0,0,10.5,S,Mr,1,1,10.5,0,0
2,male,31.0,0,0,13.0,S,Mr,1,1,13.0,0,1
2,male,,0,0,0.0,S,Mr,1,1,0.0,0,0
3,male,18.0,0,0,7.775,S,Mr,1,1,7.775,0,0
3,male,24.5,0,0,8.05,S,Mr,1,1,8.05,0,0
3,female,18.0,0,0,9.8417,S,Miss,1,1,9.8417,0,1
3,female,43.0,1,6,46.9,S,Mrs,8,0,5.8625,0,0
1,male,36.0,0,1,512.3292,C,Mr,2,0,256.1646,1,1
3,female,,0,0,8.1375,Q,Miss,1,1,8.1375,0,0
1,male,27.0,0,0,76.7292,C,Mr,1,1,76.7292,1,1
3,male,20.0,0,0,9.225,S,Mr,1,1,9.225,0,0
3,male,14.0,5,2,46.9,S,Mr,8,0,5.8625,0,0
2,male,60.0,1,1,39.0,S,Mr,3,0,13.0,0,0
2,male,25.0,1,2,41.5792,C,Mr,4,0,10.3948,0,0
3,male,14.0,4,1,39.6875,S,Mr,6,0,6.614583333333333,0,0
3,male,19.0,0,0,10.1708,S,Mr,1,1,10.1708,0,0
3,male,18.0,0,0,7.7958,S,Mr,1,1,7.7958,0,0
1,female,15.0,0,1,211.3375,S,Miss,2,0,105.66875,1,1
1,male,31.0,1,0,57.0,S,Mr,2,0,28.5,1,1
3,female,4.0,0,1,13.4167,C,Miss,2,0,6.70835,0,1
3,male,,0,0,56.4958,S,Mr,1,1,56.4958,0,1
3,male,25.0,0,0,7.225,C,Mr,1,1,7.225,0,0
1,male,60.0,0,0,26.55,S,Rare,1,1,26.55,0,0
2,male,52.0,0,0,13.5,S,Mr,1,1,13.5,0,0
3,male,44.0,0,0,8.05,S,Mr,1,1,8.05,0,0
3,female,,0,0,7.7333,Q,Miss,1,1,7.7333,0,1
1,male,49.0,1,1,110.8833,C,Mr,3,0,36.9611,1,0
3,male,42.0,0,0,7.65,S,Mr,1,1,7.65,1,0
1,female,18.0,1,0,227.525,C,Mrs,2,0,113.7625,1,1
1,male,35.0,0,0,26.2875,S,Mr,1,1,26.2875,1,1
3,female,18.0,0,1,14.4542,C,Miss,2,0,7.2271,0,0
3,male,25.0,0,0,7.7417,Q,Mr,1,1,7.7417,0,0
3,male,26.0,1,0,7.8542,S,Mr,2,0,3.9271,0,0
2,male,39.0,0,0,26.0,S,Mr,1,1,26.0,0,0
2,female,45.0,0,0,13.5,S,Mrs,1,1,13.5,0,1
1,male,42.0,0,0,26.2875,S,Mr,1,1,26.2875,1,1
1,female,22.0,0,0,151.55,S,Miss,1,1,151.55,0,1
3,male,,1,1,15.2458,C,Master,3,0,5.081933333333333,0,1
1,female,24.0,0,0,49.5042,C,Rare,1,1,49.5042,1,1
1,male,,0,0,26.55,S,Mr,1,1,26.55,1,0
1,male,48.0,1,0,52.0,S,Mr,2,0,26.0,1,1
3,male,29.0,0,0,9.4833,S,Mr,1,1,9.4833,0,0
2,male,52.0,0,0,13.0,S,Mr,1,1,13.0,0,0
3,male,19.0,0,0,7.65,S,Mr,1,1,7.65,1,0
1,female,38.0,0,0,227.525,C,Miss,1,1,227.525,1,1
2,female,27.0,0,0,10.5,S,Miss,1,1,10.5,1,1
3,male,,0,0,15.5,Q,Mr,1,1,15.5,0,0
3,male,33.0,0,0,7.775,S,Mr,1,1,7.775,0,0
2,female,6.0,0,1,33.0,S,Miss,2,0,16.5,0,1
3,male,17.0,1,0,7.0542,S,Mr,2,0,3.5271,0,0
2,male,34.0,0,0,13.0,S,Mr,1,1,13.0,0,0
2,male,50.0,0,0,13.0,S,Mr,1,1,13.0,0,0
1,male,27.0,1,0,53.1,S,Mr,2,0,26.55,1,1
3,male,20.0,0,0,8.6625,S,Mr,1,1,8.6625,0,0
2,female,30.0,3,0,21.0,S,Mrs,4,0,5.25,0,1
3,female,,0,0,7.7375,Q,Miss,1,1,7.7375,0,1
2,male,25.0,1,0,26.0,S,Mr,2,0,13.0,0,0
3,female,25.0,1,0,7.925,S,Miss,2,0,3.9625,0,0
1,female,29.0,0,0,211.3375,S,Miss,1,1,211.3375,1,1
3,male,11.0,0,0,18.7875,C,Mr,1,1,18.7875,0,0
2,male,,0,0,0.0,S,Mr,1,1,0.0,0,0
2,male,23.0,0,0,13.0,S,Mr,1,1,13.0,0,0
2,male,23.0,0,0,13.0,S,Mr,1,1,13.0,0,0
3,male,28.5,0,0,16.1,S,Mr,1,1,16.1,0,0
3,female,48.0,1,3,34.375,S,Mrs,5,0,6.875,0,0
1,male,35.0,0,0,512.3292,C,Mr,1,1,512.3292,1,1
3,male,,0,0,7.8958,S,Mr,1,1,7.8958,0,0
3,male,,0,0,7.8958,S,Mr,1,1,7.8958,0,0
1,male,,0,0,30.0,S,Mr,1,1,30.0,1,1
1,male,36.0,1,0,78.85,S,Mr,2,0,39.425,1,0
1,female,21.0,2,2,262.375,C,Miss,5,0,52.475,1,1
3,male,24.0,1,0,16.1,S,Mr,2,0,8.05,0,0
3,male,31.0,0,0,7.925,S,Mr,1,1,7.925,0,1
1,male,70.0,1,1,71.0,S,Rare,3,0,23.666666666666668,1,0
3,male,16.0,1,1,20.25,S,Mr,3,0,6.75,0,0
2,female,30.0,0,0,13.0,S,Miss,1,1,13.0,0,1
1,male,19.0,1,0,53.1,S,Mr,2,0,26.55,1,0
3,male,31.0,0,0,7.75,Q,Mr,1,1,7.75,0,0
2,female,4.0,1,1,23.0,S,Miss,3,0,7.666666666666667,0,1
3,male,6.0,0,1,12.475,S,Master,2,0,6.2375,1,1
3,male,33.0,0,0,9.5,S,Mr,1,1,9.5,0,0
3,male,23.0,0,0,7.8958,S,Mr,1,1,7.8958,0,0
2,female,48.0,1,2,65.0,S,Mrs,4,0,16.25,0,1
2,male,0.67,1,1,14.5,S,Master,3,0,4.833333333333333,0,1
3,male,28.0,0,0,7.7958,S,Mr,1,1,7.7958,0,0
2,male,18.0,0,0,11.5,S,Mr,1,1,11.5,0,0
3,male,34.0,0,0,8.05,S,Mr,1,1,8.05,0,0
1,female,33.0,0,0,86.5,S,Rare,1,1,86.5,1,1
3,male,,0,0,14.5,S,Mr,1,1,14.5,0,0
3,male,41.0,0,0,7.125,S,Mr,1,1,7.125,0,0
3,male,20.0,0,0,7.2292,C,Mr,1,1,7.2292,0,1
1,female,36.0,1,2,120.0,S,Mrs,4,0,30.0,1,1
3,male,16.0,0,0,7.775,S,Mr,1,1,7.775,0,0
1,female,51.0,1,0,77.9583,S,Mrs,2,0,38.97915,1,1
1,male,,0,0,39.6,C,Rare,1,1,39.6,0,0
3,female,30.5,0,0,7.75,Q,Miss,1,1,7.75,0,0
3,male,,1,0,24.15,Q,Mr,2,0,12.075,0,0
3,male,32.0,0,0,8.3625,S,Mr,1,1,8.3625,0,0
3,male,24.0,0,0,9.5,S,Mr,1,1,9.5,0,0
3,male,48.0,0,0,7.8542,S,Mr,1,1,7.8542,0,0
2,female,57.0,0,0,10.5,S,Mrs,1,1,10.5,1,0
3,male,,0,0,7.225,C,Mr,1,1,7.225,0,0
2,female,54.0,1,3,23.0,S,Mrs,5,0,4.6,0,1
3,male,18.0,0,0,7.75,S,Mr,1,1,7.75,0,0
3,male,,0,0,7.75,Q,Mr,1,1,7.75,1,0
3,female,5.0,0,0,12.475,S,Miss,1,1,12.475,0,1
3,male,,0,0,7.7375,Q,Mr,1,1,7.7375,0,0
1,female,43.0,0,1,211.3375,S,Mrs,2,0,105.66875,1,1
3,female,13.0,0,0,7.2292,C,Miss,1,1,7.2292,0,1
1,female,17.0,1,0,57.0,S,Mrs,2,0,28.5,1,1
1,male,29.0,0,0,30.0,S,Mr,1,1,30.0,1,0
3,male,,1,2,23.45,S,Mr,4,0,5.8625,0,0
3,male,25.0,0,0,7.05,S,Mr,1,1,7.05,0,0
3,male,25.0,0,0,7.25,S,Mr,1,1,7.25,0,0
3,female,18.0,0,0,7.4958,S,Miss,1,1,7.4958,0,1
3,male,8.0,4,1,29.125,Q,Master,6,0,4.854166666666667,0,0
3,male,1.0,1,2,20.575,S,Master,4,0,5.14375,0,1
1,male,46.0,0,0,79.2,C,Mr,1,1,79.2,1,0
3,male,,0,0,7.75,Q,Mr,1,1,7.75,0,0
2,male,16.0,0,0,26.0,S,Mr,1,1,26.0,0,0
3,female,,8,2,69.55,S,Miss,11,0,6.322727272727272,0,0
1,male,,0,0,30.6958,C,Mr,1,1,30.6958,0,0
3,male,25.0,0,0,7.8958,S,Mr,1,1,7.8958,0,0
2,male,39.0,0,0,13.0,S,Mr,1,1,13.0,0,0
1,female,49.0,0,0,25.9292,S,Rare,1,1,25.9292,1,1
3,female,31.0,0,0,8.6833,S,Mrs,1,1,8.6833,0,1
3,male,30.0,0,0,7.2292,C,Mr,1,1,7.2292,0,0
3,female,30.0,1,1,24.15,S,Mrs,3,0,8.049999999999999,0,0
2,male,34.0,0,0,13.0,S,Mr,1,1,13.0,0,0
2,female,31.0,1,1,26.25,S,Mrs,3,0,8.75,0,1
1,male,11.0,1,2,120.0,S,Master,4,0,30.0,1,1
3,male,0.42,0,1,8.5167,C,Master,2,0,4.25835,0,1
3,male,27.0,0,0,6.975,S,Mr,1,1,6.975,0,1
3,male,31.0,0,0,7.775,S,Mr,1,1,7.775,0,0
1,male,39.0,0,0,0.0,S,Mr,1,1,0.0,1,0
3,female,18.0,0,0,7.775,S,Miss,1,1,7.775,0,0
2,male,39.0,0,0,13.0,S,Mr,1,1,13.0,0,0
1,female,33.0,1,0,53.1,S,Mrs,2,0,26.55,1,1
3,male,26.0,0,0,7.8875,S,Mr,1,1,7.8875,0,0
3,male,39.0,0,0,24.15,S,Mr,1,1,24.15,0,0
2,male,35.0,0,0,10.5,S,Mr,1,1,10.5,0,0
3,female,6.0,4,2,31.275,S,Miss,7,0,4.4678571428571425,0,0
3,male,30.5,0,0,8.05,S,Mr,1,1,8.05,0,0
1,male,,0,0,0.0,S,Mr,1,1,0.0,1,0
3,female,23.0,0,0,7.925,S,Miss,1,1,7.925,0,0
2,male,31.0,1,1,37.0042,C,Mr,3,0,12.334733333333332,0,0
3,male,43.0,0,0,6.45,S,Mr,1,1,6.45,0,0
3,male,10.0,3,2,27.9,S,Master,6,0,4.6499999999999995,0,0
1,female,52.0,1,1,93.5,S,Mrs,3,0,31.166666666666668,1,1
3,male,27.0,0,0,8.6625,S,Mr,1,1,8.6625,0,1
1,male,38.0,0,0,0.0,S,Rare,1,1,0.0,0,0
3,female,27.0,0,1,12.475,S,Mrs,2,0,6.2375,1,1
3,male,2.0,4,1,39.6875,S,Master,6,0,6.614583333333333,0,0
3,male,,0,0,6.95,Q,Mr,1,1,6.95,0,0
3,male,,0,0,56.4958,S,Mr,1,1,56.4958,0,0
2,male,1.0,0,2,37.0042,C,Master,3,0,12.334733333333332,0,1
3,male,,0,0,7.75,Q,Mr,1,1,7.75,0,1
1,female,62.0,0,0,80.0,,Mrs,1,1,80.0,1,1
3,female,15.0,1,0,14.4542,C,Mrs,2,0,7.2271,0,1
2,male,0.83,1,1,18.75,S,Master,3,0,6.25,0,1
3,male,,0,0,7.2292,C,Mr,1,1,7.2292,0,0
3,male,23.0,0,0,7.8542,S,Mr,1,1,7.8542,0,0
3,male,18.0,0,0,8.3,S,Mr,1,1,8.3,0,0
1,female,39.0,1,1,83.1583,C,Miss,3,0,27.71943333333333,1,1
3,male,21.0,0,0,8.6625,S,Mr,1,1,8.6625,0,0
3,male,,0,0,8.05,S,Mr,1,1,8.05,0,0
3,male,32.0,0,0,56.4958,S,Mr,1,1,56.4958,0,1
1,male,,0,0,29.7,C,Mr,1,1,29.7,1,1
3,male,20.0,0,0,7.925,S,Mr,1,1,7.925,0,0
2,male,16.0,0,0,10.5,S,Mr,1,1,10.5,0,0
1,female,30.0,0,0,31.0,C,Miss,1,1,31.0,0,1
3,male,34.5,0,0,6.4375,C,Mr,1,1,6.4375,0,0
3,male,17.0,0,0,8.6625,S,Mr,1,1,8.6625,0,0
3,male,42.0,0,0,7.55,S,Mr,1,1,7.55,0,0
3,male,,8,2,69.55,S,Mr,11,0,6.322727272727272,0,0
3,male,35.0,0,0,7.8958,C,Mr,1,1,7.8958,0,0
2,male,28.0,0,1,33.0,S,Rare,2,0,16.5,0,0
1,female,,1,0,89.1042,C,Mrs,2,0,44.5521,1,1
3,male,4.0,4,2,31.275,S,Master,7,0,4.4678571428571425,0,0
3,male,74.0,0,0,7.775,S,Mr,1,1,7.775,0,0
3,female,9.0,1,1,15.2458,C,Miss,3,0,5.081933333333333,0,0
1,female,16.0,0,1,39.4,S,Miss,2,0,19.7,1,1
2,female,44.0,1,0,26.0,S,Mrs,2,0,13.0,0,0
3,female,18.0,0,1,9.35,S,Mrs,2,0,4.675,0,1
1,female,45.0,1,1,164.8667,S,Mrs,3,0,54.95556666666667,0,1
1,male,51.0,0,0,26.55,S,Mr,1,1,26.55,1,1
3,female,24.0,0,3,19.2583,C,Mrs,4,0,4.814575,0,1
3,male,,0,0,7.2292,C,Mr,1,1,7.2292,0,0
3,male,41.0,2,0,14.1083,S,Mr,3,0,4.702766666666666,0,0
2,male,21.0,1,0,11.5,S,Mr,2,0,5.75,0,0
1,female,48.0,0,0,25.9292,S,Mrs,1,1,25.9292,1,1
3,female,,8,2,69.55,S,Miss,11,0,6.322727272727272,0,0
2,male,24.0,0,0,13.0,S,Mr,1,1,13.0,0,0
2,female,42.0,0,0,13.0,S,Mrs,1,1,13.0,0,1
2,female,27.0,1,0,13.8583,C,Miss,2,0,6.92915,0,1
1,male,31.0,0,0,50.4958,S,Mr,1,1,50.4958,1,0
3,male,,0,0,9.5,S,Mr,1,1,9.5,0,0
3,male,4.0,1,1,11.1333,S,Master,3,0,3.7111,0,1
3,male,26.0,0,0,7.8958,S,Mr,1,1,7.8958,0,0
1,female,47.0,1,1,52.5542,S,Mrs,3,0,17.518066666666666,1,1
1,male,33.0,0,0,5.0,S,Mr,1,1,5.0,1,0
3,male,47.0,0,0,9.0,S,Mr,1,1,9.0,0,0
2,female,28.0,1,0,24.0,C,Mrs,2,0,12.0,0,1
3,female,15.0,0,0,7.225,C,Miss,1,1,7.225,0,1
3,male,20.0,0,0,9.8458,S,Mr,1,1,9.8458,0,0
3,male,19.0,0,0,7.8958,S,Mr,1,1,7.8958,0,0
3,male,,0,0,7.8958,S,Mr,1,1,7.8958,0,0
1,female,56.0,0,1,83.1583,C,Mrs,2,0,41.57915,1,1
2,female,25.0,0,1,26.0,S,Mrs,2,0,13.0,0,1
3,male,33.0,0,0,7.8958,S,Mr,1,1,7.8958,0,0
3,female,22.0,0,0,10.5167,S,Miss,1,1,10.5167,0,0
2,male,28.0,0,0,10.5,S,Mr,1,1,10.5,0,0
3,male,25.0,0,0,7.05,S,Mr,1,1,7.05,0,0
3,female,39.0,0,5,29.125,Q,Mrs,6,0,4.854166666666667,0,0
2,male,27.0,0,0,13.0,S,Rare,1,1,13.0,0,0
1,female,19.0,0,0,30.0,S,Miss,1,1,30.0,1,1
3,female,,1,2,23.45,S,Miss,4,0,5.8625,0,0
1,male,26.0,0,0,30.0,C,Mr,1,1,30.0,1,1
3,male,32.0,0,0,7.75,Q,Mr,1,1,7.75,0,0
