Feature,Coefficient,Odds_Ratio,Absolute_Coefficient
cat__Title_Mr,-2.015910205456087,0.1331991096168881,2.015910205456087
cat__Sex_male,-0.9579790944856353,0.3836674587253445,0.9579790944856353
cat__Title_Rare,-0.8337131915040529,0.4344331541771993,0.8337131915040529
num__Pclass,-0.5766127662993268,0.5617980887667673,0.5766127662993268
num__Age,-0.45275895503083285,0.63587138875428,0.45275895503083285
cat__Title_Mrs,0.42092444892245345,1.523369181877783,0.42092444892245345
num__HasCabin,0.4147131460814318,1.513936399810086,0.4147131460814318
cat__Title_Miss,-0.33956956505305247,0.7120767595295424,0.33956956505305247
cat__Embarked_Q,0.3369161210308206,1.4006215761172187,0.3369161210308206
cat__Embarked_S,-0.3084408099331959,0.7345914314282882,0.3084408099331959
num__SibSp,-0.2916591105013106,0.7470231449195145,0.2916591105013106
num__FamilySize,-0.26719267916841927,0.7655255564266769,0.26719267916841927
num__IsAlone,-0.17712587146999118,0.8376743385864438,0.17712587146999118
num__Parch,-0.13746380069155303,0.8715658995089474,0.13746380069155303
num__FarePerPerson,0.08840188604830956,1.0924270650159837,0.08840188604830956
num__Fare,0.02329147692931437,1.0235648416080072,0.02329147692931437
