Threshold,Accuracy,Precision,Recall,F1
0.1,0.5642458100558659,0.46715328467153283,0.927536231884058,0.6213592233009708
0.15,0.7094972067039106,0.580952380952381,0.8840579710144928,0.7011494252873564
0.2,0.7430167597765364,0.6161616161616161,0.8840579710144928,0.7261904761904762
0.25,0.776536312849162,0.6629213483146067,0.855072463768116,0.7468354430379747
0.3,0.7821229050279329,0.6744186046511628,0.8405797101449275,0.7483870967741936
0.35,0.8156424581005587,0.7307692307692307,0.8260869565217391,0.7755102040816326
0.4,0.8268156424581006,0.7567567567567568,0.8115942028985508,0.7832167832167832
0.45,0.8268156424581006,0.7638888888888888,0.7971014492753623,0.7801418439716312
0.5,0.8156424581005587,0.7727272727272727,0.7391304347826086,0.7555555555555555
0.55,0.8156424581005587,0.8,0.6956521739130435,0.7441860465116279
0.6,0.8156424581005587,0.8214285714285714,0.6666666666666666,0.736
0.65,0.7988826815642458,0.8666666666666667,0.5652173913043478,0.6842105263157895
0.7,0.7597765363128491,0.8823529411764706,0.43478260869565216,0.5825242718446602
0.75,0.7430167597765364,0.9259259259259259,0.36231884057971014,0.5208333333333334
0.8,0.7262569832402235,0.9545454545454546,0.30434782608695654,0.46153846153846156
0.85,0.6927374301675978,0.9375,0.21739130434782608,0.35294117647058826
0.9,0.664804469273743,0.9090909090909091,0.14492753623188406,0.25
