,count,unique,top,freq,mean,std,min,25%,50%,75%,max
mpg,398.0,,,,27.998216080402013,4.571339978886051,15.16,25.0975,27.925,30.81,41.16
cylinders,398.0,,,,5.223618090452261,1.429359291696833,3.0,4.0,4.0,6.0,8.0
displacement,398.0,,,,200.2082914572864,58.54580506987736,86.1,154.425,191.35,238.75,362.5
horsepower,392.0,,,,85.15790816326529,28.348517667155868,46.0,61.475,82.0,103.95,182.8
weight,398.0,,,,2888.080653266332,504.9791014480899,1790.2,2513.15,2902.45,3240.475,4337.3
acceleration,398.0,,,,20.875979899497487,1.611909679763683,15.71,19.74,20.86,21.947499999999998,26.21
model_year,398.0,,,,75.79899497487438,3.8162847396493462,70.0,73.0,75.0,79.0,82.0
origin,398.0,,,,1.5427135678391959,0.7819981339350615,1.0,1.0,1.0,2.0,3.0
make,398,8,Ford,84,,,,,,,
model,398,398,ford_1,1,,,,,,,
