Feature,Coefficient,Absolute_Coefficient
num__weight,-3.0747376869333554,3.0747376869333554
cat__origin_3,3.0693424222232397,3.0693424222232397
cat__origin_2,2.475484912813435,2.475484912813435
cat__make_Honda,-1.351568379244585,1.351568379244585
num__model_year,1.281600166747114,1.281600166747114
cat__make_Toyota,-1.1914353916998695,1.1914353916998695
cat__make_Chevrolet,-0.7644813623168064,0.7644813623168064
cat__make_Datsun,-0.7362554983810979,0.7362554983810979
cat__make_Ford,-0.6337007902541714,0.6337007902541714
cat__make_Volkswagen,-0.5362537389717866,0.5362537389717866
cat__make_Fiat,0.34824797599849305,0.34824797599849305
num__horsepower,-0.302309972967776,0.302309972967776
num__displacement,-0.22061615546808166,0.22061615546808166
num__acceleration,-0.14881049096262103,0.14881049096262103
num__cylinders,0.022904487931992724,0.022904487931992724
