,count,mean,std,min,25%,50%,75%,max
Age,2000.0,51.30377396339394,12.958785481206107,18.0,42.64000411645904,51.70793504386343,59.79250415947623,90.0
BMI,1950.0,28.61985651571706,5.470850921311522,15.0,24.838794576130965,28.579068612598846,32.27711862913608,45.486817071731565
Glucose,2000.0,128.81557276734458,34.48886260468381,55.0,104.61105987414616,128.8717216112916,150.93260621037942,248.89162407854636
BloodPressure,1960.0,75.84624232367386,11.96649021636165,45.0,68.17323948913415,75.2624126749702,84.00461047982772,115.52624930041779
Insulin,1920.0,111.17796916808517,80.75864704551239,10.0,58.14485654328598,89.33976899579685,138.30045771265037,600.0
HbA1c,1970.0,6.179481618796226,1.1867251298474049,3.5,5.362360868048707,6.1439127955588475,6.9734634107750555,11.181489676447521
Cholesterol,2000.0,204.9462081425559,37.831787923719254,100.0,179.6066786397815,204.13756986235683,230.08825900054762,322.82459347965187
FamilyHistory,2000.0,0.442,0.49674880944985167,0.0,0.0,0.0,1.0,1.0
PhysicalActivityHours,2000.0,3.104437010535639,1.564441825943721,0.0,2.0627901605414807,3.0901815950913285,4.141236580560782,8.120388768827304
Smoker,2000.0,0.2305,0.4212582096999652,0.0,0.0,0.0,0.0,1.0
Pregnancies,2000.0,1.0725,1.4947778866658525,0.0,0.0,0.0,2.0,9.0
Severity,2000.0,0.469,0.6612545869893133,0.0,0.0,0.0,1.0,2.0
