Class,Feature,Coefficient,Exp_Coefficient
0,Age,-0.39677912448314673,0.6724825441595164
0,BMI,-0.4929310919072935,0.6108333589774285
0,Glucose,-1.9317278110343743,0.14489762635764297
0,BloodPressure,-0.28231792235621445,0.7540339221809971
0,Insulin,-0.24549429901713812,0.7823177437618468
0,HbA1c,-0.7260352894526865,0.4838234123033067
0,Cholesterol,-0.07286881173773167,0.9297227907430193
0,FamilyHistory,-0.09193825642551275,0.9121614679159624
0,PhysicalActivityHours,0.08642977380632039,1.0902747991800412
0,Smoker,-0.005546685589542928,0.9944686688690698
0,Pregnancies,-0.007018345267721477,0.9930062258010751
1,Age,-0.07020045173893215,0.9322069386743381
1,BMI,-0.021155262877807113,0.9790669400172074
1,Glucose,-0.0353934022198977,0.9652256196545771
1,BloodPressure,-0.03505317984193409,0.9655540668795473
1,Insulin,0.015750342921793326,1.0158750333517472
1,HbA1c,0.04187512744134937,1.0427642579794687
1,Cholesterol,-0.09045715474036056,0.9135134727844146
1,FamilyHistory,-0.005584281133152679,0.9944312819816554
1,PhysicalActivityHours,0.05094845560833228,1.0522686533377261
1,Smoker,0.01823385839826304,1.018401110196333
1,Pregnancies,0.04314496377758977,1.044089239000864
2,Age,0.4669795762220801,1.595168823710501
2,BMI,0.5140863547850993,1.6721100883090436
2,Glucose,1.9671212132542713,7.150063324601156
2,BloodPressure,0.31737110219814707,1.3735121907524468
2,Insulin,0.22974395609534531,1.2582777943209686
2,HbA1c,0.6841601620113362,1.9821064879977832
2,Cholesterol,0.16332596647809292,1.1774204267320993
2,FamilyHistory,0.09752253755866266,1.102436287505843
2,PhysicalActivityHours,-0.13737822941465305,0.8716404837069578
2,Smoker,-0.012687172808720691,0.9873929700812861
2,Pregnancies,-0.036126618509867835,0.9645181598989531
